Model_Type,Dataset,Mutable_Layers,Mutation_Level,Mutate_time,Number_of_Mutants,ParHAC_Threshold,Number_of_Clusters,Max_Cluster_Sz,Min_Cluster_Sz,Mean_Cluster_Sz,Cluster_time,Mutation_Score,MS_time,Total_time
examples/emnist/fcnn-emnist.keras,emnist,3,cluster,0.514328957,531,0.1,20,150,1,26.55,7.264697313,0.641975309,2.988942862,536.0219328
examples/emnist/fcnn-emnist.keras,emnist,3,cluster,0.507148266,531,0.1,17,150,1,31.23529412,7.262070417,0.308641975,3.013531685,532.1573682
examples/emnist/fcnn-emnist.keras,emnist,3,cluster,0.49537468,531,0.1,14,150,1,37.92857143,6.884527922,0.604938272,2.968779802,527.2223413
examples/emnist/fcnn-emnist.keras,emnist,3,cluster,0.527780533,531,0.1,19,150,1,27.94736842,7.344056845,0.518518519,3.021560192,521.0909126
examples/emnist/fcnn-emnist.keras,emnist,3,cluster,0.527014256,531,0.1,18,150,1,29.5,7.415952921,0.62962963,2.940772295,526.1713202
examples/emnist/fcnn-emnist.keras,emnist,3,cluster,0.484204531,531,0.1,14,150,1,37.92857143,7.054662228,0.395061728,2.931882381,521.8334177
examples/emnist/fcnn-emnist.keras,emnist,3,cluster,0.519225359,531,0.2,209,150,1,2.540669856,7.226819992,0.812674897,143.109628,534.8674929
examples/emnist/fcnn-emnist.keras,emnist,3,cluster,0.495909691,531,0.2,217,150,1,2.447004608,7.370292187,0.655144033,147.3928499,530.6021419
examples/emnist/fcnn-emnist.keras,emnist,3,cluster,0.511850119,531,0.2,210,150,1,2.528571429,6.800649166,0.674979424,139.3356228,526.9132402
examples/emnist/fcnn-emnist.keras,emnist,3,cluster,0.519740582,531,0.2,204,150,1,2.602941176,7.333260775,0.733909465,133.2600765,526.8343697
examples/emnist/fcnn-emnist.keras,emnist,3,cluster,0.499263525,531,0.2,216,150,1,2.458333333,7.250020027,0.678518519,139.2305424,533.8538766
examples/emnist/fcnn-emnist.keras,emnist,3,cluster,0.493308783,531,0.2,211,150,1,2.516587678,7.172626495,0.625102881,130.9675362,517.9721968
examples/emnist/fcnn-emnist.keras,emnist,3,cluster,0.495257378,531,0.3,335,140,1,1.585074627,7.080921173,0.755555556,254.9660423,539.6234291
examples/emnist/fcnn-emnist.keras,emnist,3,cluster,0.52292347,531,0.3,336,137,1,1.580357143,7.119101048,0.757942387,251.9252224,536.6782372
examples/emnist/fcnn-emnist.keras,emnist,3,cluster,0.516701221,531,0.3,336,139,1,1.580357143,7.264059067,0.668148148,251.5142376,532.8123982
examples/emnist/fcnn-emnist.keras,emnist,3,cluster,0.490321875,531,0.3,332,145,1,1.59939759,6.825899124,0.455308642,254.41453,517.5619705
examples/emnist/fcnn-emnist.keras,emnist,3,cluster,0.492236376,531,0.3,334,140,1,1.589820359,7.164295673,0.465843621,252.5946796,531.1959326
examples/emnist/fcnn-emnist.keras,emnist,3,cluster,0.49526,531,0.3,336,140,1,1.580357143,6.819503784,0.69127572,256.8538361,525.4180024
examples/emnist/fcnn-emnist.keras,emnist,3,cluster,0.494731903,531,0.35,373,114,1,1.423592493,7.163157701,0.607654321,288.8422039,533.6917083
examples/emnist/fcnn-emnist.keras,emnist,3,cluster,0.489150763,531,0.35,367,120,1,1.446866485,7.07837534,0.467654321,281.7184083,531.4969108
examples/emnist/fcnn-emnist.keras,emnist,3,cluster,0.494401932,531,0.35,373,113,1,1.423592493,7.136517286,0.543950617,289.4570339,534.0860608
examples/emnist/fcnn-emnist.keras,emnist,3,cluster,0.499049902,531,0.35,368,117,1,1.442934783,6.770031214,0.726502058,295.5264497,520.5336096
examples/emnist/fcnn-emnist.keras,emnist,3,cluster,0.509910345,531,0.35,368,119,1,1.442934783,7.111900806,0.739423868,295.0713608,530.1330955
examples/emnist/fcnn-emnist.keras,emnist,3,cluster,0.491874933,531,0.35,368,118,1,1.442934783,6.903219223,0.484444444,284.7866387,513.8791306
examples/emnist/fcnn-emnist.keras,emnist,3,cluster,0.493307829,531,0.4,404,96,1,1.314356436,7.179282188,0.717119342,320.1605978,533.7491264
examples/emnist/fcnn-emnist.keras,emnist,3,cluster,0.491420984,531,0.4,406,95,1,1.307881773,7.097279549,0.716378601,322.0236163,532.9695928
examples/emnist/fcnn-emnist.keras,emnist,3,cluster,0.494456053,531,0.4,402,97,1,1.320895522,7.086666584,0.725432099,318.5776265,535.9461694
examples/emnist/fcnn-emnist.keras,emnist,3,cluster,0.524939537,531,0.4,406,97,1,1.307881773,7.100091696,0.498930041,323.1467488,528.5406735
examples/emnist/fcnn-emnist.keras,emnist,3,cluster,0.516582727,531,0.4,403,98,1,1.317617866,7.464291811,0.63037037,321.0090091,536.2422845
examples/emnist/fcnn-emnist.keras,emnist,3,cluster,0.506576777,531,0.4,402,97,1,1.320895522,6.852757692,0.654650206,323.3394411,528.2109861
examples/emnist/fcnn-emnist.keras,emnist,3,cluster,0.498279095,531,0.45,437,81,1,1.215102975,7.214442492,0.694320988,355.5502019,538.4161456
examples/emnist/fcnn-emnist.keras,emnist,3,cluster,0.501113176,531,0.45,437,82,1,1.215102975,7.159650564,0.696049383,354.2094817,537.151655
examples/emnist/fcnn-emnist.keras,emnist,3,cluster,0.50238204,531,0.45,435,82,1,1.220689655,7.111702919,0.711687243,350.4194274,534.1327739
examples/emnist/fcnn-emnist.keras,emnist,3,cluster,0.48639226,531,0.45,438,83,1,1.212328767,7.172484398,0.702386831,354.1347988,525.4061561
examples/emnist/fcnn-emnist.keras,emnist,3,cluster,0.526037455,531,0.45,432,83,1,1.229166667,7.153107882,0.657613169,355.0412669,533.1615996
examples/emnist/fcnn-emnist.keras,emnist,3,cluster,0.479644775,531,0.45,435,82,1,1.220689655,6.936845064,0.636460905,352.45736,522.7074363
examples/emnist/fcnn-emnist.keras,emnist,3,cluster,0.499738693,531,0.5,460,72,1,1.154347826,7.23328495,0.693909465,374.7799811,534.6735027
examples/emnist/fcnn-emnist.keras,emnist,3,cluster,0.499253511,531,0.5,460,72,1,1.154347826,7.091566086,0.622798354,373.6367743,534.3621049
examples/emnist/fcnn-emnist.keras,emnist,3,cluster,0.499522686,531,0.5,459,73,1,1.156862745,7.072958231,0.693909465,373.3605638,532.2935748
examples/emnist/fcnn-emnist.keras,emnist,3,cluster,0.512100935,531,0.5,460,72,1,1.154347826,7.125145674,0.62872428,379.9828782,528.8198504
examples/emnist/fcnn-emnist.keras,emnist,3,cluster,0.499387741,531,0.5,460,72,1,1.154347826,7.096712112,0.693909465,376.2419801,534.0532324
examples/emnist/fcnn-emnist.keras,emnist,3,cluster,0.479483604,531,0.5,458,74,1,1.159388646,6.818056822,0.696049383,372.9244132,522.7804644
examples/emnist/fcnn-emnist.keras,emnist,3,cluster,0.500582218,531,0.55,460,72,1,1.154347826,7.206571102,0.676131687,374.6037784,534.0109951
examples/emnist/fcnn-emnist.keras,emnist,3,cluster,0.499285221,531,0.55,460,72,1,1.154347826,7.026372433,0.693909465,377.0017884,536.0760403
examples/emnist/fcnn-emnist.keras,emnist,3,cluster,0.492121935,531,0.55,461,70,1,1.151843818,6.904013872,0.693744856,378.3396521,536.3048682
examples/emnist/fcnn-emnist.keras,emnist,3,cluster,0.489624262,531,0.55,460,72,1,1.154347826,7.114499569,0.646502058,381.9159517,524.6678822
examples/emnist/fcnn-emnist.keras,emnist,3,cluster,0.492114305,531,0.55,460,72,1,1.154347826,7.105231762,0.693909465,379.5733309,528.7157125
examples/emnist/fcnn-emnist.keras,emnist,3,cluster,0.510958672,531,0.55,461,70,1,1.151843818,6.809292316,0.693909465,374.0622554,538.2376137
examples/emnist/fcnn-emnist.keras,emnist,3,cluster,0.499889135,531,0.6,471,48,1,1.127388535,7.028953075,0.690288066,386.27825,535.9703243
examples/emnist/fcnn-emnist.keras,emnist,3,cluster,0.497438908,531,0.6,472,48,1,1.125,7.04276824,0.630041152,390.3949876,537.3214486
examples/emnist/fcnn-emnist.keras,emnist,3,cluster,0.490444899,531,0.6,473,46,1,1.122621564,7.17890811,0.651604938,389.2724006,536.3409147
examples/emnist/fcnn-emnist.keras,emnist,3,cluster,0.480727434,531,0.6,473,46,1,1.122621564,7.106286287,0.640740741,391.7616415,526.6957242
examples/emnist/fcnn-emnist.keras,emnist,3,cluster,0.487368107,531,0.6,472,48,1,1.125,7.202935934,0.683868313,386.5776811,528.9012728
examples/emnist/fcnn-emnist.keras,emnist,3,cluster,0.500520706,531,0.6,471,50,1,1.127388535,6.823841095,0.684691358,389.6150212,526.2083657
examples/emnist/fcnn-emnist.keras,emnist,3,cluster,0.519782543,531,0.65,484,20,1,1.097107438,7.09413147,0.676625514,399.3696003,535.2799239
examples/emnist/fcnn-emnist.keras,emnist,3,cluster,0.497919083,531,0.65,485,20,1,1.094845361,7.086458445,0.653333333,399.388345,533.6433737
examples/emnist/fcnn-emnist.keras,emnist,3,cluster,0.52056694,531,0.65,484,22,1,1.097107438,7.167284727,0.637777778,398.5838249,533.3679473
examples/emnist/fcnn-emnist.keras,emnist,3,cluster,0.48977232,531,0.65,484,22,1,1.097107438,7.105971813,0.678765432,405.5454156,526.4536996
examples/emnist/fcnn-emnist.keras,emnist,3,cluster,0.512419939,531,0.65,484,16,1,1.097107438,7.20204711,0.665432099,404.0445745,531.8247988
examples/emnist/fcnn-emnist.keras,emnist,3,cluster,0.499385118,531,0.65,483,24,1,1.099378882,6.822525978,0.678600823,389.3052309,524.3724873
examples/emnist/fcnn-emnist.keras,emnist,3,cluster,0.522901058,531,0.7,497,8,1,1.068410463,7.122464418,0.667572016,412.0257676,535.9162014
examples/emnist/fcnn-emnist.keras,emnist,3,cluster,0.51392889,531,0.7,499,4,1,1.064128257,7.050449848,0.649711934,413.5571651,535.1974311
examples/emnist/fcnn-emnist.keras,emnist,3,cluster,0.491957426,531,0.7,500,4,1,1.062,7.138413906,0.656296296,415.9984462,536.2171812
examples/emnist/fcnn-emnist.keras,emnist,3,cluster,0.510031462,531,0.7,499,4,1,1.064128257,7.169281483,0.648148148,416.2800658,531.0972128
examples/emnist/fcnn-emnist.keras,emnist,3,cluster,0.492046833,531,0.7,498,4,1,1.06626506,7.158565044,0.671687243,416.2854798,533.5921876
examples/emnist/fcnn-emnist.keras,emnist,3,cluster,0.474018097,531,0.7,499,4,1,1.064128257,6.843752623,0.659259259,423.0211515,521.8643107
examples/emnist/fcnn-emnist.keras,emnist,3,cluster,0.502043009,531,0.8,516,2,1,1.029069767,6.975366592,0.659588477,433.9219797,536.8885334
examples/emnist/fcnn-emnist.keras,emnist,3,cluster,0.518880844,531,0.8,516,2,1,1.029069767,7.08748126,0.664032922,430.2729769,534.5298471
examples/emnist/fcnn-emnist.keras,emnist,3,cluster,0.497734785,531,0.8,516,2,1,1.029069767,7.081208229,0.658765432,427.9174883,530.983017
examples/emnist/fcnn-emnist.keras,emnist,3,cluster,0.500704765,531,0.8,516,2,1,1.029069767,7.026996136,0.661728395,432.6472445,529.2778199
examples/emnist/fcnn-emnist.keras,emnist,3,cluster,0.489583492,531,0.8,516,2,1,1.029069767,7.112688065,0.662222222,427.2799888,531.1655302
examples/emnist/fcnn-emnist.keras,emnist,3,cluster,0.504894733,531,0.8,516,2,1,1.029069767,6.77499938,0.668148148,437.4216807,527.8569894
examples/emnist/fcnn-emnist.keras,emnist,3,cluster,0.518326998,531,0.9,530,2,1,1.001886792,6.926028728,0.662139918,446.6782191,536.2039816
examples/emnist/fcnn-emnist.keras,emnist,3,cluster,0.514200687,531,0.9,529,2,1,1.003780718,7.016191483,0.662469136,443.5385311,532.9830852
examples/emnist/fcnn-emnist.keras,emnist,3,cluster,0.493959427,531,0.9,529,2,1,1.003780718,7.11844039,0.661316872,445.2258456,535.7374649
examples/emnist/fcnn-emnist.keras,emnist,3,cluster,0.490058899,531,0.9,529,2,1,1.003780718,7.004252434,0.661316872,445.4611304,526.8805132
examples/emnist/fcnn-emnist.keras,emnist,3,cluster,0.519064665,531,0.9,529,2,1,1.003780718,7.126056671,0.662962963,446.2054455,531.7343271
examples/emnist/fcnn-emnist.keras,emnist,3,cluster,0.501544714,531,0.9,529,2,1,1.003780718,6.804899693,0.662962963,449.9930277,529.6780837
examples/emnist/fcnn-emnist.keras,emnist,3,cluster,0.494286537,531,0.99,530,2,1,1.001886792,6.999753475,0.663292181,444.8284519,533.5271215
examples/emnist/fcnn-emnist.keras,emnist,3,cluster,0.497615814,531,0.99,530,2,1,1.001886792,6.971368551,0.662139918,444.901093,535.8423409
examples/emnist/fcnn-emnist.keras,emnist,3,cluster,0.494553566,531,0.99,530,2,1,1.001886792,6.904333115,0.662139918,445.6282718,535.7166009
examples/emnist/fcnn-emnist.keras,emnist,3,cluster,0.514388084,531,0.99,530,2,1,1.001886792,7.206560135,0.663292181,448.5093846,531.9115338
examples/emnist/fcnn-emnist.keras,emnist,3,cluster,0.487944365,531,0.99,530,2,1,1.001886792,7.052104473,0.663292181,445.7577999,529.0630364
examples/emnist/fcnn-emnist.keras,emnist,3,cluster,0.477544546,531,0.99,530,2,1,1.001886792,6.749918461,0.663292181,441.4764581,526.0245166
examples/emnist/lenet5-emnist.keras,emnist,4,cluster,0.66621232,759,0.1,19,360,1,39.94736842,7.016914606,0.157871736,19.8164165,817.1263089
examples/emnist/lenet5-emnist.keras,emnist,4,cluster,0.666858196,759,0.1,18,360,1,42.16666667,6.942292929,0.125587239,18.54786682,817.190568
examples/emnist/lenet5-emnist.keras,emnist,4,cluster,0.664492607,759,0.1,19,360,1,39.94736842,7.048768759,0.465366546,18.99315381,819.6983061
examples/emnist/lenet5-emnist.keras,emnist,4,cluster,0.662540436,759,0.1,18,360,1,42.16666667,7.03557229,0.876324702,16.93282986,805.5595343
examples/emnist/lenet5-emnist.keras,emnist,4,cluster,0.664051294,759,0.1,19,360,1,39.94736842,6.896665335,0.856604392,18.10616946,815.9899867
examples/emnist/lenet5-emnist.keras,emnist,4,cluster,0.648604631,759,0.1,17,360,1,44.64705882,6.791090727,0.597727521,17.63806391,803.495832
examples/emnist/lenet5-emnist.keras,emnist,4,cluster,0.673285484,759,0.2,98,360,1,7.744897959,6.992439032,0.8474817,72.34706497,815.3133595
examples/emnist/lenet5-emnist.keras,emnist,4,cluster,0.665831327,759,0.2,95,360,1,7.989473684,6.919001102,0.53151972,69.90553164,816.7515066
examples/emnist/lenet5-emnist.keras,emnist,4,cluster,0.670087814,759,0.2,96,360,1,7.90625,7.009989023,0.853381405,69.83218908,817.2555137
examples/emnist/lenet5-emnist.keras,emnist,4,cluster,0.670005083,759,0.2,97,360,1,7.824742268,7.064738274,0.649404567,68.02301908,810.8082824
examples/emnist/lenet5-emnist.keras,emnist,4,cluster,0.663775682,759,0.2,96,360,1,7.90625,6.951132298,0.586856768,78.0064919,809.275327
examples/emnist/lenet5-emnist.keras,emnist,4,cluster,0.661352158,759,0.2,95,360,1,7.989473684,7.080506325,0.628864853,67.30277395,806.8883715
examples/emnist/lenet5-emnist.keras,emnist,4,cluster,0.674113035,759,0.3,267,347,1,2.842696629,6.96147275,0.300502567,207.51442,819.3604355
examples/emnist/lenet5-emnist.keras,emnist,4,cluster,0.663303137,759,0.3,269,344,1,2.821561338,7.058880091,0.385010379,208.1697929,813.0110343
examples/emnist/lenet5-emnist.keras,emnist,4,cluster,0.669462442,759,0.3,283,335,1,2.681978799,7.03516531,0.332076915,223.6444247,816.2958438
examples/emnist/lenet5-emnist.keras,emnist,4,cluster,0.664282084,759,0.3,281,336,1,2.701067616,6.964226246,0.701354747,225.0084965,811.7062554
examples/emnist/lenet5-emnist.keras,emnist,4,cluster,0.662332058,759,0.3,276,337,1,2.75,6.946786404,0.698951164,211.1454084,811.81953
examples/emnist/lenet5-emnist.keras,emnist,4,cluster,0.642650127,759,0.3,265,346,1,2.864150943,6.616663456,0.690702502,217.858726,800.5445383
examples/emnist/lenet5-emnist.keras,emnist,4,cluster,0.674570799,759,0.35,362,308,1,2.096685083,6.960482359,0.410138752,301.364902,817.660296
examples/emnist/lenet5-emnist.keras,emnist,4,cluster,0.6568501,759,0.35,366,298,1,2.073770492,6.860163212,0.435048618,302.5923417,810.3898258
examples/emnist/lenet5-emnist.keras,emnist,4,cluster,0.669898272,759,0.35,369,304,1,2.056910569,7.002259016,0.814050038,308.2424223,818.0059464
examples/emnist/lenet5-emnist.keras,emnist,4,cluster,0.683701038,759,0.35,369,297,1,2.056910569,6.891090393,0.819512728,299.2551649,823.8738019
examples/emnist/lenet5-emnist.keras,emnist,4,cluster,0.66531992,759,0.35,366,309,1,2.073770492,6.847806692,0.696165192,310.0216262,812.9517312
examples/emnist/lenet5-emnist.keras,emnist,4,cluster,0.671485901,759,0.35,373,306,1,2.034852547,6.988000631,0.804654212,297.3811314,822.1687315
examples/emnist/lenet5-emnist.keras,emnist,4,cluster,0.670680046,759,0.4,462,236,1,1.642857143,6.942962408,0.727794166,409.9745872,823.3416684
examples/emnist/lenet5-emnist.keras,emnist,4,cluster,0.658906937,759,0.4,463,228,1,1.639308855,6.8948946,0.750464329,404.7519662,812.0407343
examples/emnist/lenet5-emnist.keras,emnist,4,cluster,0.663609982,759,0.4,470,220,1,1.614893617,6.989523888,0.487599694,415.8336003,815.1940587
examples/emnist/lenet5-emnist.keras,emnist,4,cluster,0.947622538,759,0.4,468,225,1,1.621794872,6.431637764,0.425598165,416.1419625,1130.362033
examples/emnist/lenet5-emnist.keras,emnist,4,cluster,0.662022114,759,0.4,473,217,1,1.604651163,6.875403404,0.712389381,424.634186,806.8325715
examples/emnist/lenet5-emnist.keras,emnist,4,cluster,2.180313587,759,0.4,467,220,1,1.625267666,6.468139887,0.69813176,424.0353909,2483.851834
examples/emnist/lenet5-emnist.keras,emnist,4,cluster,0.677448511,759,0.45,524,169,1,1.448473282,6.857924223,0.692887578,476.9308579,823.2260599
examples/emnist/lenet5-emnist.keras,emnist,4,cluster,0.658899307,759,0.45,534,156,1,1.421348315,6.861260176,0.685949962,480.0341592,811.3927097
examples/emnist/lenet5-emnist.keras,emnist,4,cluster,0.657992601,759,0.45,532,150,1,1.426691729,6.915040493,0.710422812,475.8227987,809.1014071
examples/emnist/lenet5-emnist.keras,emnist,4,cluster,0.651897907,759,0.45,526,163,1,1.442965779,6.458750963,0.711679231,484.0875514,805.5037506
examples/emnist/lenet5-emnist.keras,emnist,4,cluster,0.671751022,759,0.45,538,159,1,1.410780669,6.830232859,0.508084781,476.7219038,808.1114416
examples/emnist/lenet5-emnist.keras,emnist,4,cluster,0.654403687,759,0.45,532,166,1,1.426691729,6.420995951,0.702338031,471.8140461,812.2435973
examples/emnist/lenet5-emnist.keras,emnist,4,cluster,0.668693542,759,0.5,595,78,1,1.275630252,6.801527739,0.669561892,550.3118329,821.2987065
examples/emnist/lenet5-emnist.keras,emnist,4,cluster,0.653383732,759,0.5,594,80,1,1.277777778,6.825457096,0.668797116,541.9790933,810.32617
examples/emnist/lenet5-emnist.keras,emnist,4,cluster,0.657394409,759,0.5,593,70,1,1.279932546,6.830135345,0.575330493,544.7387967,815.171617
examples/emnist/lenet5-emnist.keras,emnist,4,cluster,0.644041538,759,0.5,592,87,1,1.282094595,6.509672403,0.681142795,536.3887625,801.2166305
examples/emnist/lenet5-emnist.keras,emnist,4,cluster,0.672519684,759,0.5,578,105,1,1.313148789,6.774507761,0.56604392,548.1340058,808.0318334
examples/emnist/lenet5-emnist.keras,emnist,4,cluster,0.649011612,759,0.5,585,88,1,1.297435897,6.346004963,0.569485415,559.6512883,798.627419
examples/emnist/lenet5-emnist.keras,emnist,4,cluster,0.669662476,759,0.55,624,38,1,1.216346154,6.79942584,0.631596198,579.679383,817.5484412
examples/emnist/lenet5-emnist.keras,emnist,4,cluster,0.675863266,759,0.55,648,12,1,1.171296296,6.744030476,0.616027532,603.6989579,816.9245291
examples/emnist/lenet5-emnist.keras,emnist,4,cluster,0.656494141,759,0.55,647,8,1,1.173106646,6.757518291,0.618485742,597.2818892,809.3408031
examples/emnist/lenet5-emnist.keras,emnist,4,cluster,2.528823137,759,0.55,653,4,1,1.162327718,6.310957432,0.626843658,602.7244782,2921.382357
examples/emnist/lenet5-emnist.keras,emnist,4,cluster,0.666668653,759,0.55,643,10,1,1.180404355,6.828379154,0.630285152,606.4213204,807.3445292
examples/emnist/lenet5-emnist.keras,emnist,4,cluster,0.649634838,759,0.55,649,4,1,1.169491525,6.476116419,0.617720966,607.2774715,799.7762098
examples/emnist/lenet5-emnist.keras,emnist,4,cluster,0.675202131,759,0.6,659,2,1,1.151745068,6.721246958,0.624658582,616.4894502,817.9446075
examples/emnist/lenet5-emnist.keras,emnist,4,cluster,0.672055721,759,0.6,672,4,1,1.129464286,6.71431756,0.623620671,625.102262,810.9046166
examples/emnist/lenet5-emnist.keras,emnist,4,cluster,0.660126209,759,0.6,673,2,1,1.127786033,6.792615175,0.630667541,628.4637225,814.9525962
examples/emnist/lenet5-emnist.keras,emnist,4,cluster,0.630243063,759,0.6,669,2,1,1.134529148,6.314062357,0.634600677,629.5143108,782.1195352
examples/emnist/lenet5-emnist.keras,emnist,4,cluster,0.664862394,759,0.6,662,4,1,1.14652568,6.665857315,0.630667541,631.2052956,808.48645
examples/emnist/lenet5-emnist.keras,emnist,4,cluster,0.666774511,759,0.6,665,4,1,1.141353383,6.41450429,0.624494701,630.8308463,820.834388
examples/emnist/lenet5-emnist.keras,emnist,4,cluster,0.678104162,759,0.65,682,2,1,1.112903226,6.799046993,0.618048727,640.1534419,818.6323948
examples/emnist/lenet5-emnist.keras,emnist,4,cluster,0.680222511,759,0.65,683,2,1,1.111273792,6.706830502,0.64142904,643.204886,820.4903338
examples/emnist/lenet5-emnist.keras,emnist,4,cluster,0.66623807,759,0.65,687,2,1,1.104803493,6.611180067,0.634218289,643.8501647,814.946609
examples/emnist/lenet5-emnist.keras,emnist,4,cluster,0.645067453,759,0.65,687,2,1,1.104803493,6.386906862,0.62962963,650.2793524,799.2889009
examples/emnist/lenet5-emnist.keras,emnist,4,cluster,0.657032251,759,0.65,687,2,1,1.104803493,6.740662098,0.631760079,644.3138688,807.1967905
examples/emnist/lenet5-emnist.keras,emnist,4,cluster,0.633187771,759,0.65,682,2,1,1.112903226,6.324480772,0.632415601,650.6670015,793.0458539
examples/emnist/lenet5-emnist.keras,emnist,4,cluster,0.674725294,759,0.7,705,2,1,1.076595745,6.699320078,0.62979351,664.9353054,818.7873721
examples/emnist/lenet5-emnist.keras,emnist,4,cluster,0.670826912,759,0.7,704,2,1,1.078125,6.537138939,0.636895007,661.7169352,814.3756714
examples/emnist/lenet5-emnist.keras,emnist,4,cluster,0.677373648,759,0.7,707,2,1,1.073550212,6.77465868,0.627936196,667.6863599,817.3807242
examples/emnist/lenet5-emnist.keras,emnist,4,cluster,1.257520676,759,0.7,704,2,1,1.078125,7.214275837,0.631323063,662.7740579,1475.979104
examples/emnist/lenet5-emnist.keras,emnist,4,cluster,0.662744284,759,0.7,705,2,1,1.076595745,6.630228043,0.633890528,667.0914514,809.8236823
examples/emnist/lenet5-emnist.keras,emnist,4,cluster,0.646974087,759,0.7,703,2,1,1.079658606,6.284825563,0.628700972,662.0457978,802.6218319
examples/emnist/lenet5-emnist.keras,emnist,4,cluster,0.677451372,759,0.8,724,2,1,1.048342541,6.686449289,0.624276194,685.8776858,817.4567747
examples/emnist/lenet5-emnist.keras,emnist,4,cluster,0.676888466,759,0.8,719,2,1,1.055632823,6.724959373,0.624767836,677.8592293,814.7798228
examples/emnist/lenet5-emnist.keras,emnist,4,cluster,0.672709227,759,0.8,723,2,1,1.049792531,6.734813213,0.622965148,681.8446913,815.6488137
examples/emnist/lenet5-emnist.keras,emnist,4,cluster,1.788067579,759,0.8,723,2,1,1.049792531,6.3578403,0.61712007,691.2933078,2046.670759
examples/emnist/lenet5-emnist.keras,emnist,4,cluster,0.658713102,759,0.8,722,2,1,1.051246537,6.639235973,0.625860374,685.8309815,806.4901326
examples/emnist/lenet5-emnist.keras,emnist,4,cluster,0.64035368,759,0.8,719,2,1,1.055632823,6.345901966,0.63137769,680.6399851,797.8907137
examples/emnist/lenet5-emnist.keras,emnist,4,cluster,0.669328928,759,0.9,735,2,1,1.032653061,6.702370167,0.624549328,695.2888603,814.3496587
examples/emnist/lenet5-emnist.keras,emnist,4,cluster,0.66754508,759,0.9,733,2,1,1.035470668,6.636778593,0.633890528,691.5466638,812.8765478
examples/emnist/lenet5-emnist.keras,emnist,4,cluster,0.670306206,759,0.9,736,2,1,1.03125,6.660375357,0.623893805,697.56264,816.4812918
examples/emnist/lenet5-emnist.keras,emnist,4,cluster,0.654003382,759,0.9,734,2,1,1.034059946,6.430562973,0.621763356,702.7002492,802.6568811
examples/emnist/lenet5-emnist.keras,emnist,4,cluster,0.655632496,759,0.9,737,2,1,1.029850746,6.583324194,0.631541571,703.3863847,806.8370647
examples/emnist/lenet5-emnist.keras,emnist,4,cluster,0.67086339,759,0.9,733,2,1,1.035470668,6.516951084,0.634054408,706.8800364,808.2316561
examples/emnist/lenet5-emnist.keras,emnist,4,cluster,0.676128149,759,0.99,759,1,1,1,6.63558054,0.627062165,724.3283741,818.7735593
examples/emnist/lenet5-emnist.keras,emnist,4,cluster,0.668852568,759,0.99,759,1,1,1,6.225490808,0.627062165,716.5996978,808.9903467
examples/emnist/lenet5-emnist.keras,emnist,4,cluster,0.663380623,759,0.99,759,1,1,1,6.75565052,0.627062165,722.2987156,816.6583726
examples/emnist/lenet5-emnist.keras,emnist,4,cluster,0.652239084,759,0.99,759,1,1,1,6.53218174,0.627062165,731.3885958,802.2676303
examples/emnist/lenet5-emnist.keras,emnist,4,cluster,0.655482292,759,0.99,759,1,1,1,6.629544258,0.627062165,723.0496778,806.6742914
examples/emnist/lenet5-emnist.keras,emnist,4,cluster,0.667629957,759,0.99,759,1,1,1,6.576413631,0.627062165,720.306844,802.8927536
examples/fmnist/fcnn-fmnist.keras,fmnist,3,cluster,0.440722942,480,0.1,19,150,1,25.26315789,7.297363281,0.6,1.543231726,251.0418932
examples/fmnist/fcnn-fmnist.keras,fmnist,3,cluster,0.445902348,480,0.1,20,150,1,24,7.298419714,0.766666667,1.54155755,252.3698545
examples/fmnist/fcnn-fmnist.keras,fmnist,3,cluster,0.448609829,480,0.1,19,150,1,25.26315789,7.40580678,0.433333333,1.551228046,255.4539404
examples/fmnist/fcnn-fmnist.keras,fmnist,3,cluster,0.448052168,480,0.1,19,150,1,25.26315789,7.439967632,0.866666667,1.56384182,252.4802945
examples/fmnist/fcnn-fmnist.keras,fmnist,3,cluster,0.461087465,480,0.1,19,150,1,25.26315789,7.256210327,0.7,1.516547441,254.0086443
examples/fmnist/fcnn-fmnist.keras,fmnist,3,cluster,0.448209286,480,0.1,18,150,1,26.66666667,7.225511312,0.6,1.522683859,253.1682234
examples/fmnist/fcnn-fmnist.keras,fmnist,3,cluster,0.448382616,480,0.2,98,150,1,4.897959184,7.340664625,0.655777778,35.0758245,249.7961264
examples/fmnist/fcnn-fmnist.keras,fmnist,3,cluster,0.461568594,480,0.2,88,150,1,5.454545455,7.23566246,0.888888889,30.56186771,252.3577993
examples/fmnist/fcnn-fmnist.keras,fmnist,3,cluster,0.470221281,480,0.2,82,150,1,5.853658537,7.239311695,0.417777778,27.43181086,255.1990092
examples/fmnist/fcnn-fmnist.keras,fmnist,3,cluster,0.45999074,480,0.2,78,150,1,6.153846154,7.259468794,0.711333333,28.76157141,250.3485966
examples/fmnist/fcnn-fmnist.keras,fmnist,3,cluster,0.437813759,480,0.2,82,150,1,5.853658537,7.24779892,0.962222222,27.11276102,255.1776471
examples/fmnist/fcnn-fmnist.keras,fmnist,3,cluster,0.445880413,480,0.2,86,150,1,5.581395349,7.17490983,0.914666667,30.08117795,256.5082853
examples/fmnist/fcnn-fmnist.keras,fmnist,3,cluster,0.445543528,480,0.3,255,123,1,1.882352941,7.183252335,0.689555556,115.671963,253.2459228
examples/fmnist/fcnn-fmnist.keras,fmnist,3,cluster,0.441317797,480,0.3,248,135,1,1.935483871,7.132915258,0.426,111.3193269,252.6236868
examples/fmnist/fcnn-fmnist.keras,fmnist,3,cluster,0.471841574,480,0.3,245,138,1,1.959183673,7.19934082,0.608666667,110.9647212,255.2985809
examples/fmnist/fcnn-fmnist.keras,fmnist,3,cluster,0.433026552,480,0.3,247,136,1,1.943319838,7.258129597,0.448444444,106.2125661,252.359942
examples/fmnist/fcnn-fmnist.keras,fmnist,3,cluster,0.43411684,480,0.3,245,135,1,1.959183673,7.114842892,0.669555556,107.6064763,256.3528707
examples/fmnist/fcnn-fmnist.keras,fmnist,3,cluster,0.444192886,480,0.3,249,134,1,1.927710843,7.126901865,0.451333333,113.2532792,255.0429587
examples/fmnist/fcnn-fmnist.keras,fmnist,3,cluster,0.451774836,480,0.35,303,109,1,1.584158416,7.111167431,0.462222222,138.8256838,252.1374254
examples/fmnist/fcnn-fmnist.keras,fmnist,3,cluster,0.465778589,480,0.35,303,109,1,1.584158416,7.153350353,0.645111111,140.1997795,254.3292065
examples/fmnist/fcnn-fmnist.keras,fmnist,3,cluster,0.466318369,480,0.35,305,105,1,1.573770492,7.23579669,0.702,141.3893871,253.9471378
examples/fmnist/fcnn-fmnist.keras,fmnist,3,cluster,0.437465429,480,0.35,307,104,1,1.563517915,7.185293913,0.702222222,143.0606594,252.8219409
examples/fmnist/fcnn-fmnist.keras,fmnist,3,cluster,0.440981627,480,0.35,303,108,1,1.584158416,7.128139496,0.583111111,140.9221818,253.3753715
examples/fmnist/fcnn-fmnist.keras,fmnist,3,cluster,0.453029871,480,0.35,302,109,1,1.589403974,7.046188116,0.459333333,139.0788307,252.6533756
examples/fmnist/fcnn-fmnist.keras,fmnist,3,cluster,0.443173885,480,0.4,334,92,1,1.437125749,7.185903549,0.494222222,153.8199582,251.5669701
examples/fmnist/fcnn-fmnist.keras,fmnist,3,cluster,0.440827131,480,0.4,339,80,1,1.415929204,7.130573511,0.675777778,157.132206,252.3504267
examples/fmnist/fcnn-fmnist.keras,fmnist,3,cluster,0.453078747,480,0.4,334,89,1,1.437125749,7.154254913,0.677333333,157.8383694,256.7324305
examples/fmnist/fcnn-fmnist.keras,fmnist,3,cluster,0.429354191,480,0.4,338,89,1,1.420118343,7.103255033,0.684888889,154.2265508,250.9734004
examples/fmnist/fcnn-fmnist.keras,fmnist,3,cluster,0.442253828,480,0.4,331,93,1,1.450151057,7.222481251,0.661777778,150.7532208,254.1844318
examples/fmnist/fcnn-fmnist.keras,fmnist,3,cluster,0.443994522,480,0.4,335,88,1,1.432835821,7.238253355,0.486444444,157.1973274,255.2806792
examples/fmnist/fcnn-fmnist.keras,fmnist,3,cluster,0.439290762,480,0.45,361,70,1,1.329639889,7.095842361,0.645555556,171.6355367,255.5241017
examples/fmnist/fcnn-fmnist.keras,fmnist,3,cluster,0.441750765,480,0.45,357,79,1,1.344537815,7.097738504,0.492,166.9358461,252.8336487
examples/fmnist/fcnn-fmnist.keras,fmnist,3,cluster,0.43667078,480,0.45,359,71,1,1.337047354,7.072348356,0.661111111,169.1054776,254.5700777
examples/fmnist/fcnn-fmnist.keras,fmnist,3,cluster,0.43302536,480,0.45,359,76,1,1.337047354,7.151763916,0.609111111,171.704586,251.722312
examples/fmnist/fcnn-fmnist.keras,fmnist,3,cluster,0.443490505,480,0.45,356,69,1,1.348314607,7.111706734,0.508888889,165.1733232,256.6170161
examples/fmnist/fcnn-fmnist.keras,fmnist,3,cluster,0.450834751,480,0.45,358,76,1,1.340782123,7.03611064,0.608888889,168.9032092,255.4532382
examples/fmnist/fcnn-fmnist.keras,fmnist,3,cluster,0.434864044,480,0.5,379,64,1,1.266490765,7.109395742,0.653333333,176.6286514,250.7921312
examples/fmnist/fcnn-fmnist.keras,fmnist,3,cluster,0.437618256,480,0.5,379,65,1,1.266490765,6.954907894,0.607555556,177.7299855,252.311538
examples/fmnist/fcnn-fmnist.keras,fmnist,3,cluster,0.4701581,480,0.5,379,65,1,1.266490765,7.133812666,0.657111111,181.2806666,256.6747143
examples/fmnist/fcnn-fmnist.keras,fmnist,3,cluster,0.433348179,480,0.5,378,63,1,1.26984127,7.117147684,0.634,178.3760772,251.8065996
examples/fmnist/fcnn-fmnist.keras,fmnist,3,cluster,0.438065767,480,0.5,381,59,1,1.25984252,7.115036964,0.634,177.2941921,257.1028113
examples/fmnist/fcnn-fmnist.keras,fmnist,3,cluster,0.483931303,480,0.5,382,61,1,1.256544503,6.994004726,0.644444444,180.173017,253.8654518
examples/fmnist/fcnn-fmnist.keras,fmnist,3,cluster,0.437391281,480,0.55,395,55,1,1.215189873,7.22692132,0.562,184.2754729,250.2963669
examples/fmnist/fcnn-fmnist.keras,fmnist,3,cluster,0.438959599,480,0.55,403,47,1,1.191066998,7.193841457,0.635555556,189.1526072,250.8575988
examples/fmnist/fcnn-fmnist.keras,fmnist,3,cluster,0.464997053,480,0.55,400,45,1,1.2,7.051930666,0.639777778,190.3815005,254.3159838
examples/fmnist/fcnn-fmnist.keras,fmnist,3,cluster,0.432876348,480,0.55,396,57,1,1.212121212,7.017194748,0.554444444,183.4222972,250.3598104
examples/fmnist/fcnn-fmnist.keras,fmnist,3,cluster,0.461126566,480,0.55,397,53,1,1.20906801,7.020865917,0.621777778,188.5911994,252.4173913
examples/fmnist/fcnn-fmnist.keras,fmnist,3,cluster,0.470515966,480,0.55,400,47,1,1.2,6.982126713,0.533555556,188.986007,253.036525
examples/fmnist/fcnn-fmnist.keras,fmnist,3,cluster,0.478356361,480,0.6,431,24,1,1.113689095,7.1511271,0.586,203.098655,251.1024077
examples/fmnist/fcnn-fmnist.keras,fmnist,3,cluster,0.436025143,480,0.6,422,36,1,1.137440758,7.088665962,0.629777778,198.851212,251.7006898
examples/fmnist/fcnn-fmnist.keras,fmnist,3,cluster,0.454410076,480,0.6,425,36,1,1.129411765,7.068791866,0.573777778,203.8110206,255.6859887
examples/fmnist/fcnn-fmnist.keras,fmnist,3,cluster,0.434751987,480,0.6,429,34,1,1.118881119,7.186625242,0.633333333,205.263253,252.9018433
examples/fmnist/fcnn-fmnist.keras,fmnist,3,cluster,0.428643703,480,0.6,430,33,1,1.11627907,7.102011442,0.592444444,207.0625949,251.3502991
examples/fmnist/fcnn-fmnist.keras,fmnist,3,cluster,0.463080168,480,0.6,428,28,1,1.121495327,7.018593311,0.586222222,204.9187384,254.5889966
examples/fmnist/fcnn-fmnist.keras,fmnist,3,cluster,0.442610025,480,0.65,446,16,1,1.076233184,7.16652441,0.588888889,212.1805937,252.3663192
examples/fmnist/fcnn-fmnist.keras,fmnist,3,cluster,0.470180035,480,0.65,446,14,1,1.076233184,7.22860074,0.584888889,211.687264,251.8720868
examples/fmnist/fcnn-fmnist.keras,fmnist,3,cluster,0.461465359,480,0.65,446,16,1,1.076233184,7.087863922,0.607777778,214.5415771,255.6359901
examples/fmnist/fcnn-fmnist.keras,fmnist,3,cluster,0.447689772,480,0.65,447,14,1,1.073825503,7.076263428,0.598888889,213.8789363,253.0664458
examples/fmnist/fcnn-fmnist.keras,fmnist,3,cluster,0.430727005,480,0.65,447,17,1,1.073825503,7.101159334,0.593555556,212.342135,252.0892844
examples/fmnist/fcnn-fmnist.keras,fmnist,3,cluster,0.465245962,480,0.65,446,15,1,1.076233184,7.017148972,0.601111111,216.6083362,257.0572858
examples/fmnist/fcnn-fmnist.keras,fmnist,3,cluster,0.446471453,480,0.7,460,8,1,1.043478261,7.01813364,0.609555556,219.6851213,252.7515469
examples/fmnist/fcnn-fmnist.keras,fmnist,3,cluster,0.474385262,480,0.7,461,6,1,1.041214751,7.070358992,0.602222222,219.7871816,252.2705641
examples/fmnist/fcnn-fmnist.keras,fmnist,3,cluster,0.458933592,480,0.7,462,7,1,1.038961039,7.061365128,0.610888889,222.6741941,254.9141202
examples/fmnist/fcnn-fmnist.keras,fmnist,3,cluster,0.431108236,480,0.7,460,7,1,1.043478261,7.081146955,0.601333333,223.3162041,251.100688
examples/fmnist/fcnn-fmnist.keras,fmnist,3,cluster,0.432111263,480,0.7,462,7,1,1.038961039,7.192868471,0.589333333,222.0123847,251.7413936
examples/fmnist/fcnn-fmnist.keras,fmnist,3,cluster,0.442487955,480,0.7,462,7,1,1.038961039,7.121527672,0.592444444,221.6701303,254.4991412
examples/fmnist/fcnn-fmnist.keras,fmnist,3,cluster,0.437872887,480,0.8,474,4,1,1.012658228,7.017829895,0.603555556,226.9127827,252.4191301
examples/fmnist/fcnn-fmnist.keras,fmnist,3,cluster,0.44852376,480,0.8,473,4,1,1.014799154,7.037722349,0.600888889,226.0184643,252.2530706
examples/fmnist/fcnn-fmnist.keras,fmnist,3,cluster,0.440180302,480,0.8,473,4,1,1.014799154,7.069500208,0.601111111,229.1298289,255.6680512
examples/fmnist/fcnn-fmnist.keras,fmnist,3,cluster,0.430223942,480,0.8,474,4,1,1.012658228,7.00354743,0.603555556,228.2425737,253.6827173
examples/fmnist/fcnn-fmnist.keras,fmnist,3,cluster,0.460432529,480,0.8,474,4,1,1.012658228,6.960111141,0.600888889,227.7638259,252.308672
examples/fmnist/fcnn-fmnist.keras,fmnist,3,cluster,0.436002731,480,0.8,474,4,1,1.012658228,7.001148462,0.601777778,229.8385003,255.8512642
examples/fmnist/fcnn-fmnist.keras,fmnist,3,cluster,0.460341692,480,0.9,477,2,1,1.006289308,6.993758678,0.600444444,227.930851,252.4450691
examples/fmnist/fcnn-fmnist.keras,fmnist,3,cluster,0.475815058,480,0.9,477,2,1,1.006289308,7.143537521,0.601777778,229.3229232,254.1195986
examples/fmnist/fcnn-fmnist.keras,fmnist,3,cluster,0.437755823,480,0.9,478,2,1,1.0041841,6.997797012,0.598,232.3128636,256.4057059
examples/fmnist/fcnn-fmnist.keras,fmnist,3,cluster,0.446801901,480,0.9,477,2,1,1.006289308,6.961607695,0.602222222,231.0949676,251.9077294
examples/fmnist/fcnn-fmnist.keras,fmnist,3,cluster,0.457372665,480,0.9,477,2,1,1.006289308,7.063854933,0.597333333,224.9066854,252.7540371
examples/fmnist/fcnn-fmnist.keras,fmnist,3,cluster,0.495752335,480,0.9,477,2,1,1.006289308,6.94286418,0.600444444,231.2373223,255.8884556
examples/fmnist/fcnn-fmnist.keras,fmnist,3,cluster,0.459306717,480,0.99,479,2,1,1.002087683,7.162734747,0.598888889,229.2002077,253.0106826
examples/fmnist/fcnn-fmnist.keras,fmnist,3,cluster,0.449985027,480,0.99,479,2,1,1.002087683,6.97310257,0.602,229.4276156,252.9385478
examples/fmnist/fcnn-fmnist.keras,fmnist,3,cluster,0.444925785,480,0.99,479,2,1,1.002087683,7.021423101,0.602,232.4065921,256.1717925
examples/fmnist/fcnn-fmnist.keras,fmnist,3,cluster,0.479303837,480,0.99,479,2,1,1.002087683,7.013133764,0.598888889,230.5929797,250.2328391
examples/fmnist/fcnn-fmnist.keras,fmnist,3,cluster,0.459813356,480,0.99,479,2,1,1.002087683,7.031497002,0.598888889,228.0806005,252.1546054
examples/fmnist/fcnn-fmnist.keras,fmnist,3,cluster,0.456118822,480,0.99,479,2,1,1.002087683,6.996358633,0.602,231.7568531,254.9460347
examples/fmnist/lenet5-fmnist.keras,fmnist,4,cluster,0.610822678,708,0.1,25,360,1,28.32,7.043423176,0.288053097,9.224089146,388.8250134
examples/fmnist/lenet5-fmnist.keras,fmnist,4,cluster,0.614477396,708,0.1,25,360,1,28.32,7.113010883,0.825221239,9.67738986,387.6146536
examples/fmnist/lenet5-fmnist.keras,fmnist,4,cluster,0.613571882,708,0.1,24,360,1,29.5,6.993533134,0.781858407,9.247315168,390.2141881
examples/fmnist/lenet5-fmnist.keras,fmnist,4,cluster,0.604181528,708,0.1,20,360,1,35.4,7.006388664,0.57920354,9.165281534,388.5257926
examples/fmnist/lenet5-fmnist.keras,fmnist,4,cluster,0.605322838,708,0.1,24,360,1,29.5,6.972718239,0.909292035,9.306833744,387.4792671
examples/fmnist/lenet5-fmnist.keras,fmnist,4,cluster,0.613174915,708,0.1,23,360,1,30.7826087,6.903954983,0.084365782,8.084222794,389.195641
examples/fmnist/lenet5-fmnist.keras,fmnist,4,cluster,0.616959095,708,0.2,93,360,1,7.612903226,7.077021837,0.118289086,36.76364422,388.595768
examples/fmnist/lenet5-fmnist.keras,fmnist,4,cluster,0.613852024,708,0.2,92,360,1,7.695652174,6.941915512,0.510029499,37.26827097,389.3668718
examples/fmnist/lenet5-fmnist.keras,fmnist,4,cluster,0.611864328,708,0.2,96,360,1,7.375,6.875154734,0.34719764,39.14809918,390.3911979
examples/fmnist/lenet5-fmnist.keras,fmnist,4,cluster,0.603407145,708,0.2,92,360,1,7.695652174,7.756367683,0.566814159,37.52706695,390.2923076
examples/fmnist/lenet5-fmnist.keras,fmnist,4,cluster,0.602735043,708,0.2,91,360,1,7.78021978,6.923581839,0.592182891,35.95594931,387.1189868
examples/fmnist/lenet5-fmnist.keras,fmnist,4,cluster,0.60908246,708,0.2,96,360,1,7.375,6.813899755,0.847640118,38.33701777,388.5512865
examples/fmnist/lenet5-fmnist.keras,fmnist,4,cluster,0.616710424,708,0.3,230,345,1,3.07826087,6.921732187,0.785693215,106.0893109,384.3680103
examples/fmnist/lenet5-fmnist.keras,fmnist,4,cluster,0.62367034,708,0.3,226,350,1,3.132743363,7.018588781,0.201769912,105.7008109,386.6928754
examples/fmnist/lenet5-fmnist.keras,fmnist,4,cluster,0.613690615,708,0.3,228,348,1,3.105263158,6.868330717,0.7820059,107.4616923,392.0262263
examples/fmnist/lenet5-fmnist.keras,fmnist,4,cluster,0.60546875,708,0.3,227,345,1,3.118942731,6.826769114,0.688495575,117.4045861,388.410537
examples/fmnist/lenet5-fmnist.keras,fmnist,4,cluster,0.610706568,708,0.3,225,346,1,3.146666667,6.8843503,0.637905605,107.8360624,385.8104312
examples/fmnist/lenet5-fmnist.keras,fmnist,4,cluster,0.611568451,708,0.3,233,340,1,3.038626609,6.86282897,0.808849558,109.2797534,387.3405232
examples/fmnist/lenet5-fmnist.keras,fmnist,4,cluster,0.616892576,708,0.35,349,269,1,2.028653295,6.880650759,0.715339233,170.0372047,384.6341813
examples/fmnist/lenet5-fmnist.keras,fmnist,4,cluster,0.617880106,708,0.35,329,285,1,2.151975684,6.991140842,0.781120944,161.8812644,390.39872
examples/fmnist/lenet5-fmnist.keras,fmnist,4,cluster,0.614062548,708,0.35,337,287,1,2.100890208,6.897461891,0.394542773,164.632843,388.1103292
examples/fmnist/lenet5-fmnist.keras,fmnist,4,cluster,0.606367111,708,0.35,336,296,1,2.107142857,6.767488718,0.792035398,167.0321255,386.5551791
examples/fmnist/lenet5-fmnist.keras,fmnist,4,cluster,0.612131119,708,0.35,338,286,1,2.094674556,6.873882055,0.786430678,158.556083,387.8994131
examples/fmnist/lenet5-fmnist.keras,fmnist,4,cluster,0.612225771,708,0.35,334,292,1,2.119760479,6.84034133,0.669469027,163.587482,389.7913709
examples/fmnist/lenet5-fmnist.keras,fmnist,4,cluster,0.620871782,708,0.4,420,221,1,1.685714286,6.854414463,0.703244838,208.5923641,386.5276549
examples/fmnist/lenet5-fmnist.keras,fmnist,4,cluster,0.623464823,708,0.4,435,197,1,1.627586207,6.911504745,0.694985251,218.8456523,387.938359
examples/fmnist/lenet5-fmnist.keras,fmnist,4,cluster,0.613895416,708,0.4,425,211,1,1.665882353,6.761383295,0.729646018,212.6027818,390.9783766
examples/fmnist/lenet5-fmnist.keras,fmnist,4,cluster,0.616416693,708,0.4,430,195,1,1.646511628,6.752533197,0.455309735,211.917099,387.1797032
examples/fmnist/lenet5-fmnist.keras,fmnist,4,cluster,0.606368065,708,0.4,421,207,1,1.681710214,6.874952078,0.742920354,199.9532809,387.8597982
examples/fmnist/lenet5-fmnist.keras,fmnist,4,cluster,0.611075401,708,0.4,434,200,1,1.631336406,6.811465263,0.669174041,218.0073216,388.7229044
examples/fmnist/lenet5-fmnist.keras,fmnist,4,cluster,0.616672516,708,0.45,492,131,1,1.43902439,6.712874174,0.673156342,250.0178359,387.9500687
examples/fmnist/lenet5-fmnist.keras,fmnist,4,cluster,0.613715887,708,0.45,505,116,1,1.401980198,6.81472683,0.52920354,257.2652099,391.4234774
examples/fmnist/lenet5-fmnist.keras,fmnist,4,cluster,0.613446951,708,0.45,490,135,1,1.444897959,6.825823069,0.523303835,248.7196074,390.1707234
examples/fmnist/lenet5-fmnist.keras,fmnist,4,cluster,0.60398078,708,0.45,496,125,1,1.427419355,6.831910372,0.680825959,239.2592053,388.5440757
examples/fmnist/lenet5-fmnist.keras,fmnist,4,cluster,0.607435465,708,0.45,489,149,1,1.447852761,6.717773676,0.515929204,238.9470043,389.1187668
examples/fmnist/lenet5-fmnist.keras,fmnist,4,cluster,0.607919216,708,0.45,480,152,1,1.475,6.774240017,0.661651917,240.9709158,387.5175211
examples/fmnist/lenet5-fmnist.keras,fmnist,4,cluster,0.620089293,708,0.5,549,60,1,1.289617486,6.940355778,0.631268437,278.5713184,387.9193876
examples/fmnist/lenet5-fmnist.keras,fmnist,4,cluster,0.614056826,708,0.5,567,32,1,1.248677249,6.73209548,0.59100295,288.3041253,387.6887043
examples/fmnist/lenet5-fmnist.keras,fmnist,4,cluster,0.616072416,708,0.5,538,85,1,1.31598513,6.748958111,0.575221239,274.1739013,388.9444113
examples/fmnist/lenet5-fmnist.keras,fmnist,4,cluster,0.61054945,708,0.5,549,69,1,1.289617486,6.651987553,0.566371681,279.8548315,384.286536
examples/fmnist/lenet5-fmnist.keras,fmnist,4,cluster,0.603125811,708,0.5,540,87,1,1.311111111,6.842466831,0.661356932,278.2983401,387.7458146
examples/fmnist/lenet5-fmnist.keras,fmnist,4,cluster,0.61115551,708,0.5,558,52,1,1.268817204,6.68880558,0.566519174,285.8895168,390.189544
examples/fmnist/lenet5-fmnist.keras,fmnist,4,cluster,0.621939659,708,0.55,595,8,1,1.189915966,6.767849207,0.604424779,302.2658634,386.1434553
examples/fmnist/lenet5-fmnist.keras,fmnist,4,cluster,0.620191336,708,0.55,602,4,1,1.176079734,6.586012125,0.616666667,310.1670151,391.0659556
examples/fmnist/lenet5-fmnist.keras,fmnist,4,cluster,0.613597155,708,0.55,584,12,1,1.212328767,6.442115068,0.628171091,298.6434968,389.4202206
examples/fmnist/lenet5-fmnist.keras,fmnist,4,cluster,0.61021328,708,0.55,602,4,1,1.176079734,6.684723139,0.608112094,298.2043228,384.5703428
examples/fmnist/lenet5-fmnist.keras,fmnist,4,cluster,0.602705956,708,0.55,600,4,1,1.18,6.706440687,0.61179941,293.3032722,387.6802154
examples/fmnist/lenet5-fmnist.keras,fmnist,4,cluster,0.609625816,708,0.55,606,2,1,1.168316832,6.670744181,0.599410029,310.4749188,388.8501658
examples/fmnist/lenet5-fmnist.keras,fmnist,4,cluster,0.613090515,708,0.6,609,2,1,1.162561576,6.742498398,0.618879056,313.2444289,390.3474078
examples/fmnist/lenet5-fmnist.keras,fmnist,4,cluster,0.613909483,708,0.6,609,2,1,1.162561576,6.625086308,0.612389381,312.4038432,388.2521136
examples/fmnist/lenet5-fmnist.keras,fmnist,4,cluster,0.6207757,708,0.6,620,2,1,1.141935484,6.679603815,0.595575221,319.4449728,390.2788675
examples/fmnist/lenet5-fmnist.keras,fmnist,4,cluster,0.610657692,708,0.6,614,2,1,1.153094463,6.645037651,0.611651917,314.4882612,387.491787
examples/fmnist/lenet5-fmnist.keras,fmnist,4,cluster,0.609848738,708,0.6,607,2,1,1.166392092,6.68198967,0.613716814,309.4728878,389.6508527
examples/fmnist/lenet5-fmnist.keras,fmnist,4,cluster,0.617213488,708,0.6,616,2,1,1.149350649,6.612521648,0.601917404,313.3608305,386.3561552
examples/fmnist/lenet5-fmnist.keras,fmnist,4,cluster,0.620275736,708,0.65,630,2,1,1.123809524,6.586625814,0.60280236,318.4423788,383.5580258
examples/fmnist/lenet5-fmnist.keras,fmnist,4,cluster,0.617706537,708,0.65,626,2,1,1.130990415,6.79551053,0.621976401,321.4054692,389.2564919
examples/fmnist/lenet5-fmnist.keras,fmnist,4,cluster,0.619012356,708,0.65,629,2,1,1.125596184,6.74589324,0.614749263,322.4574618,388.4182389
examples/fmnist/lenet5-fmnist.keras,fmnist,4,cluster,0.608192921,708,0.65,633,2,1,1.118483412,6.698649883,0.609292035,323.6551058,388.471529
examples/fmnist/lenet5-fmnist.keras,fmnist,4,cluster,0.600110054,708,0.65,634,2,1,1.116719243,6.614213228,0.593215339,318.3384631,388.1565404
examples/fmnist/lenet5-fmnist.keras,fmnist,4,cluster,0.614712,708,0.65,637,2,1,1.111459969,6.693876743,0.613126844,325.9009531,387.5940557
examples/fmnist/lenet5-fmnist.keras,fmnist,4,cluster,0.614565849,708,0.7,655,2,1,1.080916031,6.922741175,0.606637168,334.1474695,385.6022339
examples/fmnist/lenet5-fmnist.keras,fmnist,4,cluster,0.62200284,708,0.7,652,2,1,1.085889571,6.739345312,0.603097345,336.760556,390.4261286
examples/fmnist/lenet5-fmnist.keras,fmnist,4,cluster,0.62171936,708,0.7,653,2,1,1.084226646,6.731025934,0.60339233,333.316376,387.2145929
examples/fmnist/lenet5-fmnist.keras,fmnist,4,cluster,0.604323387,708,0.7,649,2,1,1.090909091,6.724558115,0.605309735,336.2213004,388.1395218
examples/fmnist/lenet5-fmnist.keras,fmnist,4,cluster,0.612248898,708,0.7,651,2,1,1.087557604,6.672379255,0.603834808,326.2441013,385.946573
examples/fmnist/lenet5-fmnist.keras,fmnist,4,cluster,0.620198727,708,0.7,654,2,1,1.082568807,6.454838514,0.602654867,335.7157905,388.39256
examples/fmnist/lenet5-fmnist.keras,fmnist,4,cluster,0.619476557,708,0.8,668,2,1,1.05988024,6.713247776,0.598820059,343.7890248,389.3681245
examples/fmnist/lenet5-fmnist.keras,fmnist,4,cluster,0.610583067,708,0.8,665,2,1,1.064661654,6.706752539,0.612536873,342.783237,389.5848367
examples/fmnist/lenet5-fmnist.keras,fmnist,4,cluster,0.622913837,708,0.8,671,2,1,1.05514158,6.761873007,0.605014749,348.0766244,391.8856394
examples/fmnist/lenet5-fmnist.keras,fmnist,4,cluster,0.600507498,708,0.8,667,2,1,1.061469265,6.581745625,0.605162242,335.7264531,385.2357714
examples/fmnist/lenet5-fmnist.keras,fmnist,4,cluster,0.611214876,708,0.8,667,2,1,1.061469265,6.557452917,0.609439528,346.1268919,388.6017866
examples/fmnist/lenet5-fmnist.keras,fmnist,4,cluster,0.617155075,708,0.8,667,2,1,1.061469265,6.27690196,0.606047198,340.6802099,385.3254468
examples/fmnist/lenet5-fmnist.keras,fmnist,4,cluster,0.614659786,708,0.9,684,2,1,1.035087719,6.682062626,0.615781711,352.3122311,388.2219439
examples/fmnist/lenet5-fmnist.keras,fmnist,4,cluster,0.615735054,708,0.9,682,2,1,1.038123167,6.551067352,0.610471976,350.0119045,386.6862102
examples/fmnist/lenet5-fmnist.keras,fmnist,4,cluster,0.618966341,708,0.9,682,2,1,1.038123167,6.63994813,0.607227139,351.7394836,389.2640235
examples/fmnist/lenet5-fmnist.keras,fmnist,4,cluster,0.604601145,708,0.9,682,2,1,1.038123167,6.616241693,0.60619469,346.793505,385.0981336
examples/fmnist/lenet5-fmnist.keras,fmnist,4,cluster,0.612062931,708,0.9,685,2,1,1.033576642,6.60528636,0.60339233,350.804455,388.350235
examples/fmnist/lenet5-fmnist.keras,fmnist,4,cluster,0.612571955,708,0.9,680,2,1,1.041176471,6.260978699,0.603834808,346.4149899,384.5758994
examples/fmnist/lenet5-fmnist.keras,fmnist,4,cluster,0.619946957,708,0.99,708,1,1,1,6.821679831,0.607079646,362.4076753,385.7495234
examples/fmnist/lenet5-fmnist.keras,fmnist,4,cluster,0.62400341,708,0.99,708,1,1,1,6.653494596,0.607079646,365.0475333,388.6747687
examples/fmnist/lenet5-fmnist.keras,fmnist,4,cluster,0.621322393,708,0.99,708,1,1,1,6.540664911,0.607079646,364.1052134,387.3321092
examples/fmnist/lenet5-fmnist.keras,fmnist,4,cluster,0.611128807,708,0.99,708,1,1,1,6.614934444,0.607079646,364.5668073,385.1379111
examples/fmnist/lenet5-fmnist.keras,fmnist,4,cluster,0.599796534,708,0.99,708,1,1,1,6.562209368,0.607079646,361.9830298,389.1289265
examples/fmnist/lenet5-fmnist.keras,fmnist,4,cluster,0.616354942,708,0.99,708,1,1,1,6.35587883,0.607079646,361.6818035,384.2284801
examples/kmnist/fcnn-kmnist.keras,kmnist,3,cluster,0.446097612,480,0.1,26,150,1,18.46153846,7.141382456,0.466666667,240.0986457,247.6861258
examples/kmnist/fcnn-kmnist.keras,kmnist,3,cluster,0.462528706,480,0.1,26,150,1,18.46153846,7.337266684,0.366666667,1.530506134,250.212101
examples/kmnist/fcnn-kmnist.keras,kmnist,3,cluster,0.449879169,480,0.1,26,150,1,18.46153846,7.144464016,0.7,1.521644592,250.3963723
examples/kmnist/fcnn-kmnist.keras,kmnist,3,cluster,0.462487698,480,0.1,26,150,1,18.46153846,6.867809296,0.3,1.479138613,245.1579318
examples/kmnist/fcnn-kmnist.keras,kmnist,3,cluster,0.454325914,480,0.1,26,150,1,18.46153846,7.249847889,0.566666667,1.511645317,248.7167337
examples/kmnist/fcnn-kmnist.keras,kmnist,3,cluster,0.443730354,480,0.1,26,150,1,18.46153846,7.266474724,0.566666667,1.506011009,250.6386964
examples/kmnist/fcnn-kmnist.keras,kmnist,3,cluster,0.423150301,480,0.2,33,150,1,14.54545455,7.240928173,0.666666667,1.528135777,242.3891459
examples/kmnist/fcnn-kmnist.keras,kmnist,3,cluster,0.439545631,480,0.2,33,150,1,14.54545455,7.108886719,0.566666667,1.485175133,248.2973094
examples/kmnist/fcnn-kmnist.keras,kmnist,3,cluster,0.457370996,480,0.2,33,150,1,14.54545455,7.11979723,0.5,1.543077946,250.2481914
examples/kmnist/fcnn-kmnist.keras,kmnist,3,cluster,0.453961611,480,0.2,33,150,1,14.54545455,6.885301352,0.4,1.527414799,249.1517394
examples/kmnist/fcnn-kmnist.keras,kmnist,3,cluster,0.430441141,480,0.2,33,150,1,14.54545455,7.218294382,0.6,1.542764425,245.8016717
examples/kmnist/fcnn-kmnist.keras,kmnist,3,cluster,0.441702604,480,0.2,33,150,1,14.54545455,7.165029287,0.833333333,1.53216362,248.2464108
examples/kmnist/fcnn-kmnist.keras,kmnist,3,cluster,0.467321396,480,0.3,140,150,1,3.428571429,7.169075727,0.613333333,54.1679318,245.953171
examples/kmnist/fcnn-kmnist.keras,kmnist,3,cluster,0.435321569,480,0.3,154,150,1,3.116883117,7.190490484,0.639333333,61.52234483,247.930167
examples/kmnist/fcnn-kmnist.keras,kmnist,3,cluster,0.451008797,480,0.3,134,150,1,3.582089552,7.08093977,0.761111111,52.75609899,250.449682
examples/kmnist/fcnn-kmnist.keras,kmnist,3,cluster,0.45865941,480,0.3,138,150,1,3.47826087,6.759009838,0.688444444,53.9300437,246.3443208
examples/kmnist/fcnn-kmnist.keras,kmnist,3,cluster,0.452694654,480,0.3,142,150,1,3.38028169,7.13163805,0.754444444,54.41925335,248.0144613
examples/kmnist/fcnn-kmnist.keras,kmnist,3,cluster,0.448243618,480,0.3,136,150,1,3.529411765,7.19283247,0.710888889,55.878932,249.413837
examples/kmnist/fcnn-kmnist.keras,kmnist,3,cluster,0.479579687,480,0.35,205,145,1,2.341463415,7.089909315,0.518444444,82.53814602,246.4544978
examples/kmnist/fcnn-kmnist.keras,kmnist,3,cluster,0.461081982,480,0.35,193,146,1,2.487046632,7.080734015,0.744888889,82.03232098,249.1757247
examples/kmnist/fcnn-kmnist.keras,kmnist,3,cluster,0.458879232,480,0.35,199,143,1,2.412060302,7.074240923,0.817111111,85.48241806,249.6943483
examples/kmnist/fcnn-kmnist.keras,kmnist,3,cluster,0.463013649,480,0.35,200,143,1,2.4,6.897270918,0.767111111,84.95862651,245.4571154
examples/kmnist/fcnn-kmnist.keras,kmnist,3,cluster,0.46219039,480,0.35,198,146,1,2.424242424,7.190975428,0.741333333,86.2783587,247.4483411
examples/kmnist/fcnn-kmnist.keras,kmnist,3,cluster,0.440639019,480,0.35,203,145,1,2.36453202,7.230822563,0.705111111,83.45866966,249.4017775
examples/kmnist/fcnn-kmnist.keras,kmnist,3,cluster,0.485052347,480,0.4,262,133,1,1.832061069,7.029063702,0.761777778,123.7638674,244.8467388
examples/kmnist/fcnn-kmnist.keras,kmnist,3,cluster,0.467353106,480,0.4,249,136,1,1.927710843,7.159917116,0.784,109.6236789,248.9291191
examples/kmnist/fcnn-kmnist.keras,kmnist,3,cluster,0.458182096,480,0.4,261,134,1,1.83908046,7.104636669,0.468444444,115.9955626,249.4230928
examples/kmnist/fcnn-kmnist.keras,kmnist,3,cluster,0.459820271,480,0.4,262,133,1,1.832061069,6.86635685,0.618,115.7832286,248.0713098
examples/kmnist/fcnn-kmnist.keras,kmnist,3,cluster,0.454387188,480,0.4,257,131,1,1.86770428,7.107297659,0.768666667,116.5213382,249.4719956
examples/kmnist/fcnn-kmnist.keras,kmnist,3,cluster,0.444825649,480,0.4,263,135,1,1.825095057,7.207268953,0.565333333,119.2831979,248.738621
examples/kmnist/fcnn-kmnist.keras,kmnist,3,cluster,0.451927185,480,0.45,294,121,1,1.632653061,7.028777599,0.592222222,132.4839232,245.6804249
examples/kmnist/fcnn-kmnist.keras,kmnist,3,cluster,0.454457998,480,0.45,297,115,1,1.616161616,6.997391701,0.676222222,134.8808503,249.642998
examples/kmnist/fcnn-kmnist.keras,kmnist,3,cluster,0.443161488,480,0.45,299,117,1,1.605351171,7.071623564,0.616666667,136.6888216,251.0710955
examples/kmnist/fcnn-kmnist.keras,kmnist,3,cluster,0.469908476,480,0.45,298,117,1,1.610738255,6.648658037,0.762666667,130.3561521,242.4326384
examples/kmnist/fcnn-kmnist.keras,kmnist,3,cluster,0.442344189,480,0.45,296,115,1,1.621621622,7.20338273,0.744444444,135.9583192,247.9563401
examples/kmnist/fcnn-kmnist.keras,kmnist,3,cluster,0.441631079,480,0.45,300,111,1,1.6,7.094952822,0.749777778,134.8510222,247.8335218
examples/kmnist/fcnn-kmnist.keras,kmnist,3,cluster,0.437079906,480,0.5,314,108,1,1.52866242,7.015365124,0.758222222,141.0846388,247.2961211
examples/kmnist/fcnn-kmnist.keras,kmnist,3,cluster,0.458749533,480,0.5,315,108,1,1.523809524,7.04679203,0.755777778,144.2504222,250.1796443
examples/kmnist/fcnn-kmnist.keras,kmnist,3,cluster,0.448712111,480,0.5,314,106,1,1.52866242,7.027370691,0.591333333,144.1628222,250.9168477
examples/kmnist/fcnn-kmnist.keras,kmnist,3,cluster,0.457724333,480,0.5,315,104,1,1.523809524,6.785703182,0.619555556,139.7997129,243.0880303
examples/kmnist/fcnn-kmnist.keras,kmnist,3,cluster,0.443763018,480,0.5,315,109,1,1.523809524,7.118774891,0.550666667,143.0347021,248.8036366
examples/kmnist/fcnn-kmnist.keras,kmnist,3,cluster,0.440881014,480,0.5,317,105,1,1.514195584,7.155879736,0.642444444,146.0729904,248.490468
examples/kmnist/fcnn-kmnist.keras,kmnist,3,cluster,0.448356152,480,0.55,328,98,1,1.463414634,6.984143257,0.750888889,147.982935,245.3636332
examples/kmnist/fcnn-kmnist.keras,kmnist,3,cluster,0.453666925,480,0.55,328,95,1,1.463414634,7.088479757,0.745111111,149.7855372,249.0715716
examples/kmnist/fcnn-kmnist.keras,kmnist,3,cluster,0.441842794,480,0.55,328,96,1,1.463414634,7.028270245,0.646444444,152.0615454,252.1275964
examples/kmnist/fcnn-kmnist.keras,kmnist,3,cluster,0.461397648,480,0.55,327,95,1,1.467889908,6.56106329,0.558666667,147.3999214,243.9390116
examples/kmnist/fcnn-kmnist.keras,kmnist,3,cluster,0.471215248,480,0.55,328,96,1,1.463414634,7.144407511,0.744888889,156.1567898,248.8400717
examples/kmnist/fcnn-kmnist.keras,kmnist,3,cluster,0.463917255,480,0.55,335,94,1,1.432835821,7.140394688,0.564888889,153.6070266,251.6625438
examples/kmnist/fcnn-kmnist.keras,kmnist,3,cluster,0.482255936,480,0.6,350,68,1,1.371428571,7.083916187,0.736666667,159.8833363,246.4001784
examples/kmnist/fcnn-kmnist.keras,kmnist,3,cluster,0.462012768,480,0.6,349,68,1,1.375358166,7.163358688,0.649111111,160.8063159,249.191566
examples/kmnist/fcnn-kmnist.keras,kmnist,3,cluster,0.450488329,480,0.6,356,63,1,1.348314607,7.064455271,0.654,164.8072057,250.1909759
examples/kmnist/fcnn-kmnist.keras,kmnist,3,cluster,0.462002277,480,0.6,349,70,1,1.375358166,6.609957218,0.699111111,157.3231537,244.3716881
examples/kmnist/fcnn-kmnist.keras,kmnist,3,cluster,0.461925983,480,0.6,350,64,1,1.371428571,7.12479496,0.744888889,164.3300569,247.8455455
examples/kmnist/fcnn-kmnist.keras,kmnist,3,cluster,0.448621273,480,0.6,352,63,1,1.363636364,7.040285826,0.612,164.3526278,247.045191
examples/kmnist/fcnn-kmnist.keras,kmnist,3,cluster,0.483456612,480,0.65,377,43,1,1.273209549,6.976826906,0.713555556,178.8040752,245.8055489
examples/kmnist/fcnn-kmnist.keras,kmnist,3,cluster,0.456043482,480,0.65,379,34,1,1.266490765,7.036416531,0.678888889,176.4915996,250.3868783
examples/kmnist/fcnn-kmnist.keras,kmnist,3,cluster,0.447266579,480,0.65,386,35,1,1.243523316,7.030939817,0.718444444,179.2101126,249.6900299
examples/kmnist/fcnn-kmnist.keras,kmnist,3,cluster,0.454869032,480,0.65,384,33,1,1.25,6.62229228,0.718666667,177.3145697,246.0301824
examples/kmnist/fcnn-kmnist.keras,kmnist,3,cluster,0.452803373,480,0.65,382,38,1,1.256544503,7.165524721,0.718,181.0708957,249.0820942
examples/kmnist/fcnn-kmnist.keras,kmnist,3,cluster,0.438735008,480,0.65,386,29,1,1.243523316,7.170346498,0.721111111,178.8144236,250.918988
examples/kmnist/fcnn-kmnist.keras,kmnist,3,cluster,0.482518435,480,0.7,412,4,1,1.165048544,7.022874832,0.718888889,189.8114781,246.8375673
examples/kmnist/fcnn-kmnist.keras,kmnist,3,cluster,0.454681396,480,0.7,414,6,1,1.15942029,7.097202539,0.713111111,192.5396769,248.1940351
examples/kmnist/fcnn-kmnist.keras,kmnist,3,cluster,0.4478755,480,0.7,415,4,1,1.156626506,6.999840498,0.678222222,196.1408844,252.1063778
examples/kmnist/fcnn-kmnist.keras,kmnist,3,cluster,0.459780455,480,0.7,410,12,1,1.170731707,6.801796913,0.688888889,186.6981428,243.2705746
examples/kmnist/fcnn-kmnist.keras,kmnist,3,cluster,0.459291697,480,0.7,409,6,1,1.173594132,7.077008486,0.69,193.4578238,248.2550335
examples/kmnist/fcnn-kmnist.keras,kmnist,3,cluster,0.454754114,480,0.7,413,4,1,1.162227603,7.072574615,0.663777778,194.0711856,249.6299887
examples/kmnist/fcnn-kmnist.keras,kmnist,3,cluster,0.465951681,480,0.8,461,3,1,1.041214751,6.886392355,0.683555556,217.4020927,246.6020808
examples/kmnist/fcnn-kmnist.keras,kmnist,3,cluster,0.476572275,480,0.8,458,3,1,1.048034934,7.031847,0.691333333,215.359956,248.8213995
examples/kmnist/fcnn-kmnist.keras,kmnist,3,cluster,0.456749201,480,0.8,464,2,1,1.034482759,6.999403238,0.689777778,220.4276881,251.0574996
examples/kmnist/fcnn-kmnist.keras,kmnist,3,cluster,0.452287674,480,0.8,463,3,1,1.036717063,6.76219368,0.688222222,217.0281601,248.022377
examples/kmnist/fcnn-kmnist.keras,kmnist,3,cluster,0.4610672,480,0.8,462,4,1,1.038961039,7.052459478,0.695111111,221.6056089,249.0275834
examples/kmnist/fcnn-kmnist.keras,kmnist,3,cluster,0.455332279,480,0.8,463,3,1,1.036717063,7.137628078,0.697777778,222.5923891,250.6001933
examples/kmnist/fcnn-kmnist.keras,kmnist,3,cluster,0.48230505,480,0.9,473,2,1,1.014799154,7.046097755,0.689555556,226.0521982,248.6865299
examples/kmnist/fcnn-kmnist.keras,kmnist,3,cluster,0.436524153,480,0.9,473,2,1,1.014799154,7.058732271,0.686444444,223.3818054,249.4111259
examples/kmnist/fcnn-kmnist.keras,kmnist,3,cluster,0.445695639,480,0.9,473,2,1,1.014799154,6.88808465,0.680444444,223.9597011,250.3704252
examples/kmnist/fcnn-kmnist.keras,kmnist,3,cluster,0.45625329,480,0.9,473,2,1,1.014799154,6.57109189,0.683333333,219.24318,245.0098879
examples/kmnist/fcnn-kmnist.keras,kmnist,3,cluster,0.429899216,480,0.9,473,2,1,1.014799154,7.032432795,0.685111111,224.8772597,247.7598081
examples/kmnist/fcnn-kmnist.keras,kmnist,3,cluster,0.457059383,480,0.9,472,2,1,1.016949153,7.195584774,0.686444444,218.1300726,248.9774027
examples/kmnist/fcnn-kmnist.keras,kmnist,3,cluster,0.457095385,480,0.99,480,1,1,1,6.886886358,0.686666667,229.9290483,247.9197433
examples/kmnist/fcnn-kmnist.keras,kmnist,3,cluster,0.458001137,480,0.99,480,1,1,1,6.98465085,0.686666667,227.7585969,250.3453329
examples/kmnist/fcnn-kmnist.keras,kmnist,3,cluster,0.444031715,480,0.99,480,1,1,1,6.951089382,0.686666667,227.9804463,250.8369763
examples/kmnist/fcnn-kmnist.keras,kmnist,3,cluster,0.464707613,480,0.99,480,1,1,1,6.550880671,0.686666667,220.0294402,242.5403204
examples/kmnist/fcnn-kmnist.keras,kmnist,3,cluster,0.430458307,480,0.99,480,1,1,1,7.091062069,0.686666667,229.6969113,248.1588523
examples/kmnist/fcnn-kmnist.keras,kmnist,3,cluster,0.456928492,480,0.99,480,1,1,1,7.067242861,0.686666667,229.8541241,247.8902345
examples/kmnist/lenet5-kmnist.keras,kmnist,4,cluster,0.594179153,708,0.1,38,360,1,18.63157895,6.947763443,0.733775811,13.98197222,403.0333374
examples/kmnist/lenet5-kmnist.keras,kmnist,4,cluster,0.604671478,708,0.1,37,360,1,19.13513514,6.990023851,0.582300885,14.71656013,402.7796071
examples/kmnist/lenet5-kmnist.keras,kmnist,4,cluster,0.612684011,708,0.1,37,360,1,19.13513514,6.960911512,0.565781711,14.66439319,401.2601016
examples/kmnist/lenet5-kmnist.keras,kmnist,4,cluster,0.619127274,708,0.1,40,360,1,17.7,6.747151852,0.556489676,16.33344293,396.4695387
examples/kmnist/lenet5-kmnist.keras,kmnist,4,cluster,0.609937429,708,0.1,37,360,1,19.13513514,6.984330177,0.454129794,16.21926618,401.9781981
examples/kmnist/lenet5-kmnist.keras,kmnist,4,cluster,0.608494997,708,0.1,37,360,1,19.13513514,6.976635933,0.306932153,16.49977207,401.7237928
examples/kmnist/lenet5-kmnist.keras,kmnist,4,cluster,0.603330612,708,0.2,109,360,1,6.495412844,6.881114483,0.75,41.38149047,398.9727979
examples/kmnist/lenet5-kmnist.keras,kmnist,4,cluster,0.620103359,708,0.2,111,360,1,6.378378378,6.963969469,0.733185841,45.76596284,404.409817
examples/kmnist/lenet5-kmnist.keras,kmnist,4,cluster,0.618826628,708,0.2,104,360,1,6.807692308,6.901996136,0.128466077,41.50602531,400.9986265
examples/kmnist/lenet5-kmnist.keras,kmnist,4,cluster,0.613145113,708,0.2,108,360,1,6.555555556,6.614544868,0.823746313,43.73188949,398.6630642
examples/kmnist/lenet5-kmnist.keras,kmnist,4,cluster,0.610236168,708,0.2,106,360,1,6.679245283,6.900906563,0.605457227,42.88570237,399.5518351
examples/kmnist/lenet5-kmnist.keras,kmnist,4,cluster,0.619561195,708,0.2,109,360,1,6.495412844,6.988959551,0.893362832,45.07403541,396.3753321
examples/kmnist/lenet5-kmnist.keras,kmnist,4,cluster,0.6063869,708,0.3,243,336,1,2.913580247,6.858837843,0.815339233,116.9232309,398.0271692
examples/kmnist/lenet5-kmnist.keras,kmnist,4,cluster,0.614732981,708,0.3,249,337,1,2.843373494,6.91348958,0.202949853,123.7923613,402.7503178
examples/kmnist/lenet5-kmnist.keras,kmnist,4,cluster,0.612808943,708,0.3,243,335,1,2.913580247,6.964553356,0.69100295,118.6893938,401.9641173
examples/kmnist/lenet5-kmnist.keras,kmnist,4,cluster,0.609671116,708,0.3,248,336,1,2.85483871,6.512231112,0.201622419,119.5057716,400.7277184
examples/kmnist/lenet5-kmnist.keras,kmnist,4,cluster,0.595379353,708,0.3,238,340,1,2.974789916,6.814300537,0.785545723,115.7577305,403.1492782
examples/kmnist/lenet5-kmnist.keras,kmnist,4,cluster,0.609570503,708,0.3,245,336,1,2.889795918,6.97771883,0.725516224,127.1518393,401.3769648
examples/kmnist/lenet5-kmnist.keras,kmnist,4,cluster,0.609926701,708,0.35,353,281,1,2.005665722,6.84444046,0.381415929,191.208508,397.2427044
examples/kmnist/lenet5-kmnist.keras,kmnist,4,cluster,0.615231514,708,0.35,365,267,1,1.939726027,6.89172101,0.373156342,187.737896,404.2300498
examples/kmnist/lenet5-kmnist.keras,kmnist,4,cluster,0.622559071,708,0.35,347,276,1,2.040345821,6.896068811,0.675811209,176.4321971,402.3865154
examples/kmnist/lenet5-kmnist.keras,kmnist,4,cluster,0.616042376,708,0.35,344,279,1,2.058139535,6.445022583,0.738938053,173.6809905,398.7817974
examples/kmnist/lenet5-kmnist.keras,kmnist,4,cluster,0.608126879,708,0.35,360,264,1,1.966666667,6.893907547,0.692920354,196.7226458,400.7483454
examples/kmnist/lenet5-kmnist.keras,kmnist,4,cluster,0.612541914,708,0.35,363,260,1,1.950413223,6.918255329,0.312831858,195.648212,399.857821
examples/kmnist/lenet5-kmnist.keras,kmnist,4,cluster,0.601458311,708,0.4,437,203,1,1.6201373,6.887761354,0.673303835,231.2334521,400.7825458
examples/kmnist/lenet5-kmnist.keras,kmnist,4,cluster,0.61401248,708,0.4,436,199,1,1.623853211,6.724790335,0.665044248,227.1067674,404.0434778
examples/kmnist/lenet5-kmnist.keras,kmnist,4,cluster,0.612563848,708,0.4,433,203,1,1.635103926,6.74139452,0.673893805,225.1692128,403.2203491
examples/kmnist/lenet5-kmnist.keras,kmnist,4,cluster,0.622799158,708,0.4,438,199,1,1.616438356,6.388952732,0.638053097,224.094487,395.1372571
examples/kmnist/lenet5-kmnist.keras,kmnist,4,cluster,0.601634026,708,0.4,439,192,1,1.612756264,6.744022369,0.68259587,240.0305502,402.7538102
examples/kmnist/lenet5-kmnist.keras,kmnist,4,cluster,0.621757507,708,0.4,451,193,1,1.569844789,6.757563829,0.586578171,232.6719558,399.5764446
examples/kmnist/lenet5-kmnist.keras,kmnist,4,cluster,0.594093084,708,0.45,501,126,1,1.413173653,6.785089731,0.474041298,266.0723426,404.5394311
examples/kmnist/lenet5-kmnist.keras,kmnist,4,cluster,0.621607304,708,0.45,499,119,1,1.418837675,6.706784248,0.633185841,262.480185,404.5541575
examples/kmnist/lenet5-kmnist.keras,kmnist,4,cluster,0.622792482,708,0.45,501,129,1,1.413173653,6.748467922,0.64100295,263.9111097,403.0527353
examples/kmnist/lenet5-kmnist.keras,kmnist,4,cluster,0.614416838,708,0.45,493,143,1,1.436105477,6.476508141,0.64439528,253.6783557,396.2873566
examples/kmnist/lenet5-kmnist.keras,kmnist,4,cluster,0.605047941,708,0.45,512,101,1,1.3828125,6.7581141,0.615044248,266.0632088,400.9686401
examples/kmnist/lenet5-kmnist.keras,kmnist,4,cluster,0.612142086,708,0.45,489,141,1,1.447852761,6.683906794,0.664159292,265.0806909,398.3587985
examples/kmnist/lenet5-kmnist.keras,kmnist,4,cluster,0.605617046,708,0.5,561,30,1,1.262032086,6.723440647,0.548377581,294.1977198,400.568933
examples/kmnist/lenet5-kmnist.keras,kmnist,4,cluster,0.607048512,708,0.5,577,10,1,1.227036395,6.726163864,0.583775811,308.4329226,405.7548459
examples/kmnist/lenet5-kmnist.keras,kmnist,4,cluster,0.612303495,708,0.5,559,39,1,1.266547406,6.732139349,0.589823009,293.0315893,399.6670868
examples/kmnist/lenet5-kmnist.keras,kmnist,4,cluster,0.608790874,708,0.5,574,8,1,1.233449477,6.365905523,0.565781711,299.0217843,396.0922246
examples/kmnist/lenet5-kmnist.keras,kmnist,4,cluster,0.604248285,708,0.5,574,16,1,1.233449477,6.779149771,0.544690265,298.5247335,400.2315726
examples/kmnist/lenet5-kmnist.keras,kmnist,4,cluster,0.619408131,708,0.5,558,42,1,1.268817204,6.756906748,0.539233038,301.9997222,401.725214
examples/kmnist/lenet5-kmnist.keras,kmnist,4,cluster,0.611559629,708,0.55,598,4,1,1.183946488,6.796534538,0.5679941,316.9449286,402.3584685
examples/kmnist/lenet5-kmnist.keras,kmnist,4,cluster,0.612568378,708,0.55,601,2,1,1.178036606,6.699313402,0.577286136,319.3068631,403.4026029
examples/kmnist/lenet5-kmnist.keras,kmnist,4,cluster,0.619061947,708,0.55,597,4,1,1.185929648,6.473276854,0.566224189,316.6774883,402.6490154
examples/kmnist/lenet5-kmnist.keras,kmnist,4,cluster,0.615003824,708,0.55,593,4,1,1.193929174,6.446162224,0.571238938,309.9648726,396.9549823
examples/kmnist/lenet5-kmnist.keras,kmnist,4,cluster,0.60594964,708,0.55,601,4,1,1.178036606,6.741915226,0.568141593,323.2461877,403.4087737
examples/kmnist/lenet5-kmnist.keras,kmnist,4,cluster,0.618820667,708,0.55,603,2,1,1.174129353,6.637481451,0.559439528,321.4157312,399.762737
examples/kmnist/lenet5-kmnist.keras,kmnist,4,cluster,0.60700798,708,0.6,619,2,1,1.143780291,6.76984787,0.583775811,333.5044205,401.8020434
examples/kmnist/lenet5-kmnist.keras,kmnist,4,cluster,0.617197514,708,0.6,623,2,1,1.136436597,6.661475182,0.560471976,333.1262214,404.711473
examples/kmnist/lenet5-kmnist.keras,kmnist,4,cluster,0.618746519,708,0.6,612,2,1,1.156862745,6.689479351,0.557669617,322.0724061,399.3941293
examples/kmnist/lenet5-kmnist.keras,kmnist,4,cluster,0.62248683,708,0.6,610,2,1,1.160655738,6.381472111,0.573746313,313.0437744,390.4013336
examples/kmnist/lenet5-kmnist.keras,kmnist,4,cluster,0.599793196,708,0.6,613,2,1,1.15497553,6.683188915,0.562536873,331.7408986,403.7744839
examples/kmnist/lenet5-kmnist.keras,kmnist,4,cluster,0.603719711,708,0.6,613,2,1,1.15497553,6.6482265,0.569911504,331.6912596,399.7316628
examples/kmnist/lenet5-kmnist.keras,kmnist,4,cluster,0.607151031,708,0.65,630,2,1,1.123809524,6.646744967,0.574483776,340.9868312,404.4473782
examples/kmnist/lenet5-kmnist.keras,kmnist,4,cluster,0.607014418,708,0.65,635,2,1,1.11496063,6.688620567,0.567699115,341.1919825,406.9107888
examples/kmnist/lenet5-kmnist.keras,kmnist,4,cluster,0.617719173,708,0.65,626,2,1,1.130990415,6.640511036,0.557817109,329.1439509,398.6614406
examples/kmnist/lenet5-kmnist.keras,kmnist,4,cluster,0.615050316,708,0.65,644,2,1,1.099378882,6.329950094,0.564306785,338.3534935,397.5002825
examples/kmnist/lenet5-kmnist.keras,kmnist,4,cluster,0.607061148,708,0.65,629,2,1,1.125596184,6.692351341,0.57079646,342.1494,400.1762388
examples/kmnist/lenet5-kmnist.keras,kmnist,4,cluster,0.603883982,708,0.65,639,2,1,1.107981221,6.366231203,0.563864307,335.3328526,399.9999657
examples/kmnist/lenet5-kmnist.keras,kmnist,4,cluster,0.616091728,708,0.7,653,2,1,1.084226646,9.337635279,0.578023599,347.8915758,405.423079
examples/kmnist/lenet5-kmnist.keras,kmnist,4,cluster,0.611564398,708,0.7,647,2,1,1.094281298,6.604890347,0.568731563,345.8727601,403.8159518
examples/kmnist/lenet5-kmnist.keras,kmnist,4,cluster,0.620404005,708,0.7,656,2,1,1.079268293,6.66888833,0.568879056,348.1468449,401.3755322
examples/kmnist/lenet5-kmnist.keras,kmnist,4,cluster,0.611995697,708,0.7,653,2,1,1.084226646,6.330076456,0.578318584,341.8226147,395.0036819
examples/kmnist/lenet5-kmnist.keras,kmnist,4,cluster,0.604946852,708,0.7,651,2,1,1.087557604,6.611515999,0.565044248,346.4588914,399.8197544
examples/kmnist/lenet5-kmnist.keras,kmnist,4,cluster,0.612716675,708,0.7,651,2,1,1.087557604,6.299260139,0.575958702,346.2683136,395.9645059
examples/kmnist/lenet5-kmnist.keras,kmnist,4,cluster,0.615000248,708,0.8,669,2,1,1.058295964,6.639235497,0.584955752,363.9597909,403.8852463
examples/kmnist/lenet5-kmnist.keras,kmnist,4,cluster,0.620629787,708,0.8,671,2,1,1.05514158,6.582468987,0.569616519,357.4793453,401.9157865
examples/kmnist/lenet5-kmnist.keras,kmnist,4,cluster,0.612093449,708,0.8,668,2,1,1.05988024,6.591808081,0.565044248,352.0451095,397.9390779
examples/kmnist/lenet5-kmnist.keras,kmnist,4,cluster,0.614860773,708,0.8,671,2,1,1.05514158,6.346022844,0.580530973,354.9591467,398.0907602
examples/kmnist/lenet5-kmnist.keras,kmnist,4,cluster,0.605844021,708,0.8,669,2,1,1.058295964,6.546889544,0.559734513,358.8421412,400.1048739
examples/kmnist/lenet5-kmnist.keras,kmnist,4,cluster,0.603629351,708,0.8,671,2,1,1.05514158,6.293607235,0.572713864,357.967181,394.5163631
examples/kmnist/lenet5-kmnist.keras,kmnist,4,cluster,0.605886221,708,0.9,680,2,1,1.041176471,6.547286034,0.564896755,368.5269556,397.765368
examples/kmnist/lenet5-kmnist.keras,kmnist,4,cluster,0.605871201,708,0.9,681,2,1,1.039647577,6.620978832,0.571976401,368.3326619,407.6588328
examples/kmnist/lenet5-kmnist.keras,kmnist,4,cluster,0.611437321,708,0.9,682,2,1,1.038123167,6.538454056,0.581710914,360.9389145,399.1903191
examples/kmnist/lenet5-kmnist.keras,kmnist,4,cluster,0.612751007,708,0.9,682,2,1,1.038123167,6.201678276,0.567256637,354.4863162,391.998636
examples/kmnist/lenet5-kmnist.keras,kmnist,4,cluster,0.604882002,708,0.9,681,2,1,1.039647577,6.547399282,0.563274336,368.1805089,399.3604658
examples/kmnist/lenet5-kmnist.keras,kmnist,4,cluster,0.597171307,708,0.9,681,2,1,1.039647577,6.3078444,0.56519174,360.6568542,399.7222004
examples/kmnist/lenet5-kmnist.keras,kmnist,4,cluster,1.170819044,708,0.99,708,1,1,1,6.564083815,0.569616519,381.0304139,724.1813622
examples/kmnist/lenet5-kmnist.keras,kmnist,4,cluster,0.607923269,708,0.99,708,1,1,1,6.585675001,0.569616519,378.4917605,402.3826766
examples/kmnist/lenet5-kmnist.keras,kmnist,4,cluster,0.625199318,708,0.99,708,1,1,1,6.628258467,0.569616519,378.847003,403.3622935
examples/kmnist/lenet5-kmnist.keras,kmnist,4,cluster,0.616225004,708,0.99,708,1,1,1,6.487435341,0.569616519,371.2549438,395.1198928
examples/kmnist/lenet5-kmnist.keras,kmnist,4,cluster,0.608573675,708,0.99,708,1,1,1,6.508512259,0.569616519,381.8375759,399.8239846
examples/kmnist/lenet5-kmnist.keras,kmnist,4,cluster,0.612021446,708,0.99,708,1,1,1,6.484961271,0.569616519,381.4527118,391.1940036
examples/mnist/fcnn-mnist.keras,mnist,3,cluster,0.463658333,480,0.1,23,150,1,20.86956522,7.34834671,0.7,1.650429964,270.549716
examples/mnist/fcnn-mnist.keras,mnist,3,cluster,0.456065178,480,0.1,23,150,1,20.86956522,7.253089666,0.266666667,1.683265924,275.4802237
examples/mnist/fcnn-mnist.keras,mnist,3,cluster,0.442138195,480,0.1,23,150,1,20.86956522,7.261024952,0.7,1.660653114,276.7479718
examples/mnist/fcnn-mnist.keras,mnist,3,cluster,0.4486413,480,0.1,24,150,1,20,7.310305834,0.633333333,1.712715149,268.8863933
examples/mnist/fcnn-mnist.keras,mnist,3,cluster,0.436835766,480,0.1,23,150,1,20.86956522,7.177526712,0.266666667,1.674781084,274.356703
examples/mnist/fcnn-mnist.keras,mnist,3,cluster,0.4542346,480,0.1,23,150,1,20.86956522,7.308751583,0.233333333,1.711287022,273.1218624
examples/mnist/fcnn-mnist.keras,mnist,3,cluster,0.490822792,480,0.2,33,150,1,14.54545455,7.377869368,0.333333333,1.663928509,272.0738394
examples/mnist/fcnn-mnist.keras,mnist,3,cluster,0.447250366,480,0.2,33,150,1,14.54545455,7.263319254,0.8,1.676839352,274.0494177
examples/mnist/fcnn-mnist.keras,mnist,3,cluster,0.445552349,480,0.2,33,150,1,14.54545455,7.251642704,0.333333333,1.685693026,276.8312097
examples/mnist/fcnn-mnist.keras,mnist,3,cluster,0.438055277,480,0.2,33,150,1,14.54545455,7.474493504,0.633333333,1.68478775,271.6521444
examples/mnist/fcnn-mnist.keras,mnist,3,cluster,0.433156967,480,0.2,33,150,1,14.54545455,7.24502492,0.866666667,1.71868515,275.9658732
examples/mnist/fcnn-mnist.keras,mnist,3,cluster,0.44380784,480,0.2,33,150,1,14.54545455,7.153711081,0.633333333,1.674658298,272.1924167
examples/mnist/fcnn-mnist.keras,mnist,3,cluster,0.476316929,480,0.3,136,150,1,3.529411765,7.203029871,0.642888889,58.64358091,271.7155035
examples/mnist/fcnn-mnist.keras,mnist,3,cluster,0.449864388,480,0.3,130,150,1,3.692307692,7.259759903,0.119333333,55.69024777,276.9451396
examples/mnist/fcnn-mnist.keras,mnist,3,cluster,0.461699963,480,0.3,130,150,1,3.692307692,7.17067194,0.548222222,55.85743737,276.5490537
examples/mnist/fcnn-mnist.keras,mnist,3,cluster,0.478786469,480,0.3,127,150,1,3.779527559,7.266273499,0.535777778,48.33707094,272.4627576
examples/mnist/fcnn-mnist.keras,mnist,3,cluster,0.458243132,480,0.3,121,150,1,3.966942149,7.201707602,0.687777778,53.93013167,275.9642794
examples/mnist/fcnn-mnist.keras,mnist,3,cluster,0.471505404,480,0.3,126,150,1,3.80952381,7.154547691,0.809333333,53.10357547,273.261126
examples/mnist/fcnn-mnist.keras,mnist,3,cluster,0.47520113,480,0.35,193,145,1,2.487046632,7.310916662,0.550666667,89.59327793,270.7917333
examples/mnist/fcnn-mnist.keras,mnist,3,cluster,0.444396019,480,0.35,174,147,1,2.75862069,7.188710451,0.412444444,80.89604545,277.0548012
examples/mnist/fcnn-mnist.keras,mnist,3,cluster,0.442897081,480,0.35,194,146,1,2.474226804,7.196936131,0.269111111,92.11530089,277.9507506
examples/mnist/fcnn-mnist.keras,mnist,3,cluster,0.462832451,480,0.35,178,147,1,2.696629213,7.319184542,0.346666667,85.27433491,273.1266553
examples/mnist/fcnn-mnist.keras,mnist,3,cluster,0.436681271,480,0.35,188,147,1,2.553191489,7.27098155,0.497333333,84.97953606,274.8525655
examples/mnist/fcnn-mnist.keras,mnist,3,cluster,0.443559885,480,0.35,175,148,1,2.742857143,7.121931076,0.455111111,80.93843007,274.9075534
examples/mnist/fcnn-mnist.keras,mnist,3,cluster,0.464207888,480,0.4,256,125,1,1.875,7.134148121,0.400666667,124.4701116,271.7880723
examples/mnist/fcnn-mnist.keras,mnist,3,cluster,0.441612005,480,0.4,250,127,1,1.92,7.233278751,0.596444444,122.4176965,274.4191887
examples/mnist/fcnn-mnist.keras,mnist,3,cluster,0.477734804,480,0.4,249,129,1,1.927710843,7.155974627,0.383777778,124.0454206,278.2014899
examples/mnist/fcnn-mnist.keras,mnist,3,cluster,0.452168226,480,0.4,249,126,1,1.927710843,7.12546277,0.633555556,120.7966986,276.3319905
examples/mnist/fcnn-mnist.keras,mnist,3,cluster,0.434828758,480,0.4,252,126,1,1.904761905,7.159559965,0.645333333,125.7806337,274.2222514
examples/mnist/fcnn-mnist.keras,mnist,3,cluster,0.439118147,480,0.4,245,126,1,1.959183673,7.136401892,0.572,118.4373996,273.2693157
examples/mnist/fcnn-mnist.keras,mnist,3,cluster,0.461069107,480,0.45,292,113,1,1.643835616,7.165546417,0.416,143.8386197,272.3257005
examples/mnist/fcnn-mnist.keras,mnist,3,cluster,0.448737621,480,0.45,291,119,1,1.649484536,7.10165,0.626888889,145.8502631,275.7699409
examples/mnist/fcnn-mnist.keras,mnist,3,cluster,0.443683863,480,0.45,297,116,1,1.616161616,7.106784821,0.380444444,150.4154818,278.2957864
examples/mnist/fcnn-mnist.keras,mnist,3,cluster,0.450372458,480,0.45,290,113,1,1.655172414,7.177609444,0.456,148.9691126,273.9119964
examples/mnist/fcnn-mnist.keras,mnist,3,cluster,0.43599081,480,0.45,291,113,1,1.649484536,7.037308216,0.577333333,145.0749319,275.7945857
examples/mnist/fcnn-mnist.keras,mnist,3,cluster,0.439805984,480,0.45,293,117,1,1.638225256,7.079285145,0.46,147.3829985,275.2118313
examples/mnist/fcnn-mnist.keras,mnist,3,cluster,0.461034775,480,0.5,311,102,1,1.54340836,7.141602039,0.62,154.7132189,271.7387595
examples/mnist/fcnn-mnist.keras,mnist,3,cluster,0.445518494,480,0.5,309,106,1,1.553398058,7.141176224,0.547555556,155.3006938,275.3318841
examples/mnist/fcnn-mnist.keras,mnist,3,cluster,0.443930864,480,0.5,314,102,1,1.52866242,7.206175089,0.524666667,159.102246,276.7840083
examples/mnist/fcnn-mnist.keras,mnist,3,cluster,0.447221279,480,0.5,308,104,1,1.558441558,7.159138441,0.422444444,155.3217967,273.5622282
examples/mnist/fcnn-mnist.keras,mnist,3,cluster,0.433602095,480,0.5,310,104,1,1.548387097,7.09046483,0.611111111,158.9886515,277.3310814
examples/mnist/fcnn-mnist.keras,mnist,3,cluster,0.437638998,480,0.5,313,104,1,1.533546326,7.023958445,0.482666667,156.8990483,273.1630816
examples/mnist/fcnn-mnist.keras,mnist,3,cluster,0.45881629,480,0.55,327,90,1,1.467889908,7.102257729,0.572222222,164.377641,272.75804
examples/mnist/fcnn-mnist.keras,mnist,3,cluster,0.448019743,480,0.55,329,87,1,1.458966565,7.098560095,0.608888889,166.4473727,275.2406156
examples/mnist/fcnn-mnist.keras,mnist,3,cluster,0.451536179,480,0.55,326,100,1,1.472392638,7.19625783,0.602222222,165.1260049,276.5642457
examples/mnist/fcnn-mnist.keras,mnist,3,cluster,0.468247652,480,0.55,328,95,1,1.463414634,7.149618626,0.585111111,165.3536561,273.3083444
examples/mnist/fcnn-mnist.keras,mnist,3,cluster,0.436848402,480,0.55,327,88,1,1.467889908,7.070684433,0.625333333,165.7129333,274.8185179
examples/mnist/fcnn-mnist.keras,mnist,3,cluster,0.494972467,480,0.55,331,91,1,1.450151057,7.031365156,0.624444444,167.7588215,274.7112093
examples/mnist/fcnn-mnist.keras,mnist,3,cluster,0.490520954,480,0.6,355,51,1,1.352112676,7.161996841,0.590666667,178.5263169,271.4080033
examples/mnist/fcnn-mnist.keras,mnist,3,cluster,0.445736647,480,0.6,352,54,1,1.363636364,7.150226593,0.578222222,179.006644,275.1870151
examples/mnist/fcnn-mnist.keras,mnist,3,cluster,0.4767313,480,0.6,355,53,1,1.352112676,7.155462265,0.578222222,182.5444434,276.712266
examples/mnist/fcnn-mnist.keras,mnist,3,cluster,0.435093164,480,0.6,357,51,1,1.344537815,7.301818132,0.504444444,179.2779796,272.7681642
examples/mnist/fcnn-mnist.keras,mnist,3,cluster,0.440669775,480,0.6,357,50,1,1.344537815,7.082624912,0.575111111,175.8774669,275.6401081
examples/mnist/fcnn-mnist.keras,mnist,3,cluster,0.453008413,480,0.6,353,55,1,1.359773371,7.029263496,0.593333333,179.1696179,273.0766814
examples/mnist/fcnn-mnist.keras,mnist,3,cluster,0.504467487,480,0.65,383,26,1,1.253263708,7.142914534,0.491333333,192.8961649,270.8779111
examples/mnist/fcnn-mnist.keras,mnist,3,cluster,0.441862583,480,0.65,385,30,1,1.246753247,7.015561581,0.466,199.1896684,276.1497214
examples/mnist/fcnn-mnist.keras,mnist,3,cluster,0.445531845,480,0.65,385,26,1,1.246753247,7.092118263,0.530666667,198.1780214,275.8457026
examples/mnist/fcnn-mnist.keras,mnist,3,cluster,0.45315361,480,0.65,378,32,1,1.26984127,7.127523899,0.528222222,200.9148009,271.7658186
examples/mnist/fcnn-mnist.keras,mnist,3,cluster,0.433923244,480,0.65,385,15,1,1.246753247,7.102412224,0.544888889,195.71452,274.4367719
examples/mnist/fcnn-mnist.keras,mnist,3,cluster,0.439061403,480,0.65,386,24,1,1.243523316,6.934505463,0.548888889,197.8162074,274.2607248
examples/mnist/fcnn-mnist.keras,mnist,3,cluster,0.459866047,480,0.7,415,8,1,1.156626506,7.223582029,0.522444444,213.5373697,273.2737727
examples/mnist/fcnn-mnist.keras,mnist,3,cluster,0.444896221,480,0.7,410,6,1,1.170731707,7.069249392,0.549777778,211.0750206,274.1383302
examples/mnist/fcnn-mnist.keras,mnist,3,cluster,0.455818176,480,0.7,412,8,1,1.165048544,7.093703032,0.512444444,215.5986083,278.1934981
examples/mnist/fcnn-mnist.keras,mnist,3,cluster,0.459167957,480,0.7,416,4,1,1.153846154,7.201041222,0.555777778,212.741612,274.8608589
examples/mnist/fcnn-mnist.keras,mnist,3,cluster,0.44069171,480,0.7,409,14,1,1.173594132,7.200740576,0.554888889,212.7725835,275.7091155
examples/mnist/fcnn-mnist.keras,mnist,3,cluster,0.438840628,480,0.7,413,4,1,1.162227603,7.145725727,0.543111111,213.1802294,274.6569233
examples/mnist/fcnn-mnist.keras,mnist,3,cluster,0.443948269,480,0.8,455,2,1,1.054945055,7.110179901,0.524222222,234.4451759,272.3096838
examples/mnist/fcnn-mnist.keras,mnist,3,cluster,0.441391706,480,0.8,454,3,1,1.057268722,7.039439201,0.524,236.7398005,275.3981621
examples/mnist/fcnn-mnist.keras,mnist,3,cluster,0.450758219,480,0.8,456,2,1,1.052631579,7.123743773,0.531333333,237.7564299,275.3673811
examples/mnist/fcnn-mnist.keras,mnist,3,cluster,0.454751492,480,0.8,457,3,1,1.050328228,7.116312742,0.519333333,234.9802637,274.5614591
examples/mnist/fcnn-mnist.keras,mnist,3,cluster,0.433337212,480,0.8,459,2,1,1.045751634,7.033229351,0.532666667,234.2756488,276.1263108
examples/mnist/fcnn-mnist.keras,mnist,3,cluster,0.470038176,480,0.8,456,2,1,1.052631579,6.971971512,0.534444444,236.6619415,274.6294813
examples/mnist/fcnn-mnist.keras,mnist,3,cluster,0.464564562,480,0.9,472,2,1,1.016949153,7.167138338,0.531555556,245.2505736,274.1058009
examples/mnist/fcnn-mnist.keras,mnist,3,cluster,0.466202021,480,0.9,473,2,1,1.014799154,7.071844339,0.531555556,246.1807783,274.6924908
examples/mnist/fcnn-mnist.keras,mnist,3,cluster,0.457725763,480,0.9,471,2,1,1.01910828,7.073026419,0.531555556,246.3862596,276.1060874
examples/mnist/fcnn-mnist.keras,mnist,3,cluster,0.455014706,480,0.9,471,2,1,1.01910828,7.267257214,0.531777778,248.5438075,273.4426656
examples/mnist/fcnn-mnist.keras,mnist,3,cluster,0.463596821,480,0.9,472,2,1,1.016949153,6.926557779,0.530666667,247.5025415,274.7105572
examples/mnist/fcnn-mnist.keras,mnist,3,cluster,0.462237835,480,0.9,473,2,1,1.014799154,6.967698574,0.527555556,248.0878077,276.1343384
examples/mnist/fcnn-mnist.keras,mnist,3,cluster,0.448991299,480,0.99,480,1,1,1,7.092049837,0.530666667,249.7091842,274.0529547
examples/mnist/fcnn-mnist.keras,mnist,3,cluster,0.471677065,480,0.99,479,2,1,1.002087683,7.073686838,0.530222222,251.7148166,276.2567372
examples/mnist/fcnn-mnist.keras,mnist,3,cluster,0.457864285,480,0.99,480,1,1,1,7.047755003,0.530666667,251.8326542,276.0893815
examples/mnist/fcnn-mnist.keras,mnist,3,cluster,0.452438116,480,0.99,480,1,1,1,7.039573908,0.530666667,251.5679615,273.6020513
examples/mnist/fcnn-mnist.keras,mnist,3,cluster,0.463666439,480,0.99,480,1,1,1,7.053036928,0.530666667,249.5193937,275.9279742
examples/mnist/fcnn-mnist.keras,mnist,3,cluster,0.494954586,480,0.99,480,1,1,1,7.057361126,0.530666667,251.8865118,276.3142538
examples/mnist/lenet5-mnist.keras,mnist,4,cluster,0.617000103,708,0.1,42,360,1,16.85714286,7.119685411,0.074926254,18.62679529,417.090771
examples/mnist/lenet5-mnist.keras,mnist,4,cluster,0.613697052,708,0.1,42,360,1,16.85714286,6.934018612,0.260176991,18.16861296,417.7390521
examples/mnist/lenet5-mnist.keras,mnist,4,cluster,0.611433506,708,0.1,43,360,1,16.46511628,7.033784389,0.287905605,19.15853024,423.7998099
examples/mnist/lenet5-mnist.keras,mnist,4,cluster,0.607817888,708,0.1,44,360,1,16.09090909,7.099739313,0.068141593,18.69936728,415.1781495
examples/mnist/lenet5-mnist.keras,mnist,4,cluster,0.609228373,708,0.1,43,360,1,16.46511628,6.976860285,0.262684366,17.97944093,421.7667584
examples/mnist/lenet5-mnist.keras,mnist,4,cluster,0.615083933,708,0.1,44,360,1,16.09090909,6.863185406,0.431858407,20.03750539,420.3671434
examples/mnist/lenet5-mnist.keras,mnist,4,cluster,0.623539925,708,0.2,105,360,1,6.742857143,6.907250166,0.163716814,43.05999947,416.6945522
examples/mnist/lenet5-mnist.keras,mnist,4,cluster,0.61934042,708,0.2,111,360,1,6.378378378,7.020674944,0.12920354,47.38925171,420.3875048
examples/mnist/lenet5-mnist.keras,mnist,4,cluster,0.625967979,708,0.2,108,360,1,6.555555556,6.919183016,0.537168142,46.09133172,421.5682127
examples/mnist/lenet5-mnist.keras,mnist,4,cluster,0.607141972,708,0.2,112,360,1,6.321428571,6.987018108,0.059882006,47.10119796,418.6737318
examples/mnist/lenet5-mnist.keras,mnist,4,cluster,0.612316847,708,0.2,109,360,1,6.495412844,6.910110235,0.129646018,42.82197428,418.9450154
examples/mnist/lenet5-mnist.keras,mnist,4,cluster,0.609975576,708,0.2,109,360,1,6.495412844,6.86428237,0.323746313,46.03089476,421.5410941
examples/mnist/lenet5-mnist.keras,mnist,4,cluster,0.619976521,708,0.3,233,346,1,3.038626609,6.962505817,0.495280236,116.7447522,414.211518
examples/mnist/lenet5-mnist.keras,mnist,4,cluster,0.62249732,708,0.3,242,341,1,2.925619835,7.043761015,0.088938053,122.7895627,418.7338052
examples/mnist/lenet5-mnist.keras,mnist,4,cluster,0.627003908,708,0.3,245,335,1,2.889795918,6.833648682,0.337610619,125.0928729,418.5736277
examples/mnist/lenet5-mnist.keras,mnist,4,cluster,0.604357719,708,0.3,251,332,1,2.820717131,6.939203024,0.156637168,121.6850812,418.045568
examples/mnist/lenet5-mnist.keras,mnist,4,cluster,0.615458727,708,0.3,247,334,1,2.866396761,6.875356436,0.292920354,132.2252269,419.9771945
examples/mnist/lenet5-mnist.keras,mnist,4,cluster,0.611730576,708,0.3,240,341,1,2.95,6.785329819,0.192772861,122.9063866,420.7649903
examples/mnist/lenet5-mnist.keras,mnist,4,cluster,0.617140055,708,0.35,358,260,1,1.977653631,7.017382145,0.174336283,188.871042,415.2054398
examples/mnist/lenet5-mnist.keras,mnist,4,cluster,0.619288206,708,0.35,363,265,1,1.950413223,6.935885668,0.143510324,192.824861,417.8421888
examples/mnist/lenet5-mnist.keras,mnist,4,cluster,0.625854969,708,0.35,365,258,1,1.939726027,7.01250577,0.296755162,194.4895186,421.8200274
examples/mnist/lenet5-mnist.keras,mnist,4,cluster,0.613124371,708,0.35,370,268,1,1.913513514,6.912078619,0.22359882,194.6924131,416.4473042
examples/mnist/lenet5-mnist.keras,mnist,4,cluster,0.613873959,708,0.35,377,246,1,1.877984085,6.881800413,0.25280236,203.1584768,421.5928242
examples/mnist/lenet5-mnist.keras,mnist,4,cluster,0.612249613,708,0.35,355,272,1,1.994366197,6.857806683,0.294837758,189.1754026,418.9626081
examples/mnist/lenet5-mnist.keras,mnist,4,cluster,0.626788378,708,0.4,455,173,1,1.556043956,6.92400074,0.18820059,246.9436672,418.330019
examples/mnist/lenet5-mnist.keras,mnist,4,cluster,0.616247177,708,0.4,440,185,1,1.609090909,6.829506636,0.401474926,238.5495975,419.2317405
examples/mnist/lenet5-mnist.keras,mnist,4,cluster,0.622691631,708,0.4,426,214,1,1.661971831,6.80248189,0.265339233,230.3021584,418.2563059
examples/mnist/lenet5-mnist.keras,mnist,4,cluster,0.605646372,708,0.4,447,183,1,1.583892617,6.787671804,0.369321534,248.7307951,416.7139175
examples/mnist/lenet5-mnist.keras,mnist,4,cluster,0.606225014,708,0.4,436,200,1,1.623853211,6.773807764,0.346902655,240.2116127,420.087661
examples/mnist/lenet5-mnist.keras,mnist,4,cluster,0.621945143,708,0.4,436,205,1,1.623853211,6.52911067,0.166814159,236.1994743,419.7432487
examples/mnist/lenet5-mnist.keras,mnist,4,cluster,0.615199089,708,0.45,501,132,1,1.413173653,6.861237288,0.370501475,272.2989867,417.161072
examples/mnist/lenet5-mnist.keras,mnist,4,cluster,0.616290092,708,0.45,512,105,1,1.3828125,6.916719675,0.213864307,281.4164996,420.5009174
examples/mnist/lenet5-mnist.keras,mnist,4,cluster,0.626760721,708,0.45,497,128,1,1.424547284,6.751381636,0.276548673,274.5087826,422.6663976
examples/mnist/lenet5-mnist.keras,mnist,4,cluster,0.617893219,708,0.45,495,137,1,1.43030303,6.814369202,0.198082596,271.5283527,418.9795687
examples/mnist/lenet5-mnist.keras,mnist,4,cluster,0.617160797,708,0.45,506,118,1,1.399209486,6.772134781,0.210176991,268.7021582,416.7986839
examples/mnist/lenet5-mnist.keras,mnist,4,cluster,0.618314743,708,0.45,498,117,1,1.421686747,6.753285646,0.25339233,272.8037474,418.247622
examples/mnist/lenet5-mnist.keras,mnist,4,cluster,0.618191481,708,0.5,543,70,1,1.303867403,6.820929766,0.220353982,296.5879798,415.7909739
examples/mnist/lenet5-mnist.keras,mnist,4,cluster,0.625607967,708,0.5,555,23,1,1.275675676,6.743304491,0.263421829,305.6636112,418.7511828
examples/mnist/lenet5-mnist.keras,mnist,4,cluster,0.622565746,708,0.5,563,26,1,1.257548845,6.778552771,0.241150442,311.0576832,420.2969575
examples/mnist/lenet5-mnist.keras,mnist,4,cluster,0.610036612,708,0.5,574,16,1,1.233449477,6.740095854,0.259882006,309.4265814,415.8387945
examples/mnist/lenet5-mnist.keras,mnist,4,cluster,0.608571291,708,0.5,567,22,1,1.248677249,6.603217363,0.276253687,315.6718984,421.0565128
examples/mnist/lenet5-mnist.keras,mnist,4,cluster,0.614517212,708,0.5,562,22,1,1.259786477,6.787780285,0.243510324,311.7105637,422.4810057
examples/mnist/lenet5-mnist.keras,mnist,4,cluster,0.619557858,708,0.55,593,2,1,1.193929174,6.800490856,0.244100295,324.1361372,415.9180791
examples/mnist/lenet5-mnist.keras,mnist,4,cluster,0.620470285,708,0.55,601,2,1,1.178036606,6.850170851,0.255457227,334.694279,421.5809577
examples/mnist/lenet5-mnist.keras,mnist,4,cluster,0.616927862,708,0.55,599,2,1,1.18196995,6.721394777,0.259292035,329.8719065,418.156817
examples/mnist/lenet5-mnist.keras,mnist,4,cluster,0.610510588,708,0.55,604,2,1,1.17218543,6.679090738,0.264159292,331.5114245,416.689667
examples/mnist/lenet5-mnist.keras,mnist,4,cluster,0.610588789,708,0.55,601,2,1,1.178036606,6.712761164,0.255014749,323.0418613,419.2367208
examples/mnist/lenet5-mnist.keras,mnist,4,cluster,0.622122526,708,0.55,605,2,1,1.170247934,6.672837734,0.249557522,335.187973,419.7680423
examples/mnist/lenet5-mnist.keras,mnist,4,cluster,0.619962454,708,0.6,609,2,1,1.162561576,6.816218615,0.25840708,334.4792931,415.5385435
examples/mnist/lenet5-mnist.keras,mnist,4,cluster,0.625665903,708,0.6,621,2,1,1.140096618,6.708545446,0.266519174,344.5453455,419.3620164
examples/mnist/lenet5-mnist.keras,mnist,4,cluster,0.625579357,708,0.6,612,2,1,1.156862745,6.743064642,0.259734513,340.3759484,421.8337171
examples/mnist/lenet5-mnist.keras,mnist,4,cluster,0.618209362,708,0.6,620,2,1,1.141935484,6.587034702,0.262684366,340.0556138,416.1224918
examples/mnist/lenet5-mnist.keras,mnist,4,cluster,0.615334511,708,0.6,610,2,1,1.160655738,6.616637945,0.265929204,332.3488581,419.9949296
examples/mnist/lenet5-mnist.keras,mnist,4,cluster,0.615511894,708,0.6,609,2,1,1.162561576,6.477382421,0.250737463,338.6164868,421.0878806
examples/mnist/lenet5-mnist.keras,mnist,4,cluster,0.62008667,708,0.65,627,2,1,1.129186603,6.805739641,0.259439528,344.7177708,417.1496124
examples/mnist/lenet5-mnist.keras,mnist,4,cluster,0.619787693,708,0.65,634,2,1,1.116719243,6.659078836,0.258702065,352.6054728,421.3615682
examples/mnist/lenet5-mnist.keras,mnist,4,cluster,0.62071085,708,0.65,633,2,1,1.118483412,6.73957181,0.252654867,352.2771084,421.9514825
examples/mnist/lenet5-mnist.keras,mnist,4,cluster,0.609345198,708,0.65,644,2,1,1.099378882,6.673585653,0.257817109,352.2728155,417.5407658
examples/mnist/lenet5-mnist.keras,mnist,4,cluster,0.618494749,708,0.65,630,2,1,1.123809524,6.581364155,0.259144543,354.5013282,423.5076485
examples/mnist/lenet5-mnist.keras,mnist,4,cluster,0.610510826,708,0.65,637,2,1,1.111459969,6.665105104,0.255014749,355.9625428,423.011596
examples/mnist/lenet5-mnist.keras,mnist,4,cluster,0.619963408,708,0.7,654,2,1,1.082568807,6.738375664,0.260029499,362.1137536,418.308583
examples/mnist/lenet5-mnist.keras,mnist,4,cluster,0.626334667,708,0.7,653,2,1,1.084226646,6.730970144,0.25619469,360.6304343,416.7050934
examples/mnist/lenet5-mnist.keras,mnist,4,cluster,0.623372078,708,0.7,651,2,1,1.087557604,6.67889905,0.259587021,365.8397217,424.1996706
examples/mnist/lenet5-mnist.keras,mnist,4,cluster,0.605412483,708,0.7,653,2,1,1.084226646,6.619716406,0.262979351,363.0424762,416.2350597
examples/mnist/lenet5-mnist.keras,mnist,4,cluster,0.608074188,708,0.7,654,2,1,1.082568807,6.575415611,0.260324484,356.6751404,423.8633564
examples/mnist/lenet5-mnist.keras,mnist,4,cluster,0.611682415,708,0.7,653,2,1,1.084226646,6.535997152,0.262094395,365.4372284,422.2540257
examples/mnist/lenet5-mnist.keras,mnist,4,cluster,0.624230385,708,0.8,670,2,1,1.056716418,6.80663538,0.255162242,368.8530548,415.8919599
examples/mnist/lenet5-mnist.keras,mnist,4,cluster,0.618257046,708,0.8,666,2,1,1.063063063,6.58599782,0.255457227,367.913223,416.8326504
examples/mnist/lenet5-mnist.keras,mnist,4,cluster,0.62209034,708,0.8,669,2,1,1.058295964,6.595910549,0.254129794,376.3334401,423.9783759
examples/mnist/lenet5-mnist.keras,mnist,4,cluster,0.6076653,708,0.8,678,2,1,1.044247788,6.668693304,0.264159292,373.0412998,415.5935283
examples/mnist/lenet5-mnist.keras,mnist,4,cluster,0.611338615,708,0.8,671,2,1,1.05514158,6.62578702,0.256489676,368.1266482,417.951941
examples/mnist/lenet5-mnist.keras,mnist,4,cluster,0.6223948,708,0.8,672,2,1,1.053571429,6.577155828,0.257964602,375.1726787,421.1919489
examples/mnist/lenet5-mnist.keras,mnist,4,cluster,0.615598202,708,0.9,681,2,1,1.039647577,6.656423807,0.260619469,374.4362867,414.4800463
examples/mnist/lenet5-mnist.keras,mnist,4,cluster,0.618393421,708,0.9,680,2,1,1.041176471,6.730871201,0.25339233,381.3171234,421.9031334
examples/mnist/lenet5-mnist.keras,mnist,4,cluster,0.627535343,708,0.9,682,2,1,1.038123167,6.634251833,0.256047198,381.6138957,421.7050977
examples/mnist/lenet5-mnist.keras,mnist,4,cluster,0.605318069,708,0.9,681,2,1,1.039647577,6.546352148,0.259882006,382.788079,416.6896553
examples/mnist/lenet5-mnist.keras,mnist,4,cluster,0.611634731,708,0.9,679,2,1,1.042709867,6.536651611,0.260619469,375.9600918,419.818675
examples/mnist/lenet5-mnist.keras,mnist,4,cluster,0.617893696,708,0.9,682,2,1,1.038123167,6.567043066,0.255162242,378.351743,417.8471546
examples/mnist/lenet5-mnist.keras,mnist,4,cluster,0.62293148,708,0.99,708,1,1,1,6.610214233,0.257522124,391.819057,416.51316
examples/mnist/lenet5-mnist.keras,mnist,4,cluster,0.619082928,708,0.99,708,1,1,1,6.724532604,0.257522124,391.5996983,416.1340351
examples/mnist/lenet5-mnist.keras,mnist,4,cluster,0.628942013,708,0.99,708,1,1,1,6.689549208,0.257522124,395.844162,421.1735704
examples/mnist/lenet5-mnist.keras,mnist,4,cluster,0.609371901,708,0.99,708,1,1,1,6.658830643,0.257522124,387.5042024,419.7629828
examples/mnist/lenet5-mnist.keras,mnist,4,cluster,0.615020275,708,0.99,708,1,1,1,6.455378294,0.257522124,396.989475,418.6538293
examples/mnist/lenet5-mnist.keras,mnist,4,cluster,0.620488167,708,0.99,708,1,1,1,6.478924513,0.257522124,398.3371015,423.0578089
